1,1,1,1,1,1,1,1,1,1,1,1,1,1,1,1,1,1,1,1,1,1,1,1,1,1,1,1,1,1,1,1,1,1,1,1,1,1,1,1,1,1,1,1,1,1,1,1,5,5,5,5,5,5,5,5,5,5,5,5,5,5,5,5,5,5,5,5,5,5,5,5,5,5,5,5,5,5,5,5,5,5,5,5,5,5,5,5,5,5,5,5,5,5,5,5,10,10,10,10,10,10,10,10,10,10,10,10,10,10,10,10,10,10,10,10,10,10,10,10,10,10,10,10,10,10,10,10,10,10,10,10,10,10,10,10,10,10,10,10,10,10,10,10,15,15,15,15,15,15,15,15,15,15,15,15,15,15,15,15,15,15,15,15,15,15,15,15,15,15,15,15,15,15,15,15,15,15,15,15,15,15,15,15,15,15,15,15,15,15,15,15,20,20,20,20,20,20,20,20,20,20,20,20,20,20,20,20,20,20,20,20,20,20,20,20,20,20,20,20,20,20,20,20,20,20,20,20,20,20,20,20,20,20,20,20,20,20,20,20,25,25,25,25,25,25,25,25,25,25,25,25,25,25,25,25,25,25,25,25,25,25,25,25,25,25,25,25,25,25,25,25,25,25,25,25,25,25,25,25,25,25,25,25,25,25,25,25,30,30,30,30,30,30,30,30,30,30,30,30,30,30,30,30,30,30,30,30,30,30,30,30,30,30,30,30,30,30,30,30,30,30,30,30,30,30,30,30,30,30,30,30,30,30,30,30,35,35,35,35,35,35,35,35,35,35,35,35,35,35,35,35,35,35,35,35,35,35,35,35,35,35,35,35,35,35,35,35,35,35,35,35,35,35,35,35,35,35,35,35,35,35,35,35,40,40,40,40,40,40,40,40,40,40,40,40,40,40,40,40,40,40,40,40,40,40,40,40,40,40,40,40,40,40,40,40,40,40,40,40,40,40,40,40,40,40,40,40,40,40,40,40,50,50,50,50,50,50,50,50,50,50,50,50,50,50,50,50,50,50,50,50,50,50,50,50,50,50,50,50,50,50,50,50,50,50,50,50,50,50,50,50,50,50,50,50,50,50,50,50,100,100,100,100,100,100,100,100,100,100,100,100,100,100,100,100,100,100,100,100,100,100,100,100,100,100,100,100,100,100,100,100,100,100,100,100,100,100,100,100,100,100,100,100,100,100,100,100
0.1,0.1,0.1,0.1,0.1,0.1,0.1,0.1,1.0,1.0,1.0,1.0,1.0,1.0,1.0,1.0,5.0,5.0,5.0,5.0,5.0,5.0,5.0,5.0,10.0,10.0,10.0,10.0,10.0,10.0,10.0,10.0,15.0,15.0,15.0,15.0,15.0,15.0,15.0,15.0,20.0,20.0,20.0,20.0,20.0,20.0,20.0,20.0,0.1,0.1,0.1,0.1,0.1,0.1,0.1,0.1,1.0,1.0,1.0,1.0,1.0,1.0,1.0,1.0,5.0,5.0,5.0,5.0,5.0,5.0,5.0,5.0,10.0,10.0,10.0,10.0,10.0,10.0,10.0,10.0,15.0,15.0,15.0,15.0,15.0,15.0,15.0,15.0,20.0,20.0,20.0,20.0,20.0,20.0,20.0,20.0,0.1,0.1,0.1,0.1,0.1,0.1,0.1,0.1,1.0,1.0,1.0,1.0,1.0,1.0,1.0,1.0,5.0,5.0,5.0,5.0,5.0,5.0,5.0,5.0,10.0,10.0,10.0,10.0,10.0,10.0,10.0,10.0,15.0,15.0,15.0,15.0,15.0,15.0,15.0,15.0,20.0,20.0,20.0,20.0,20.0,20.0,20.0,20.0,0.1,0.1,0.1,0.1,0.1,0.1,0.1,0.1,1.0,1.0,1.0,1.0,1.0,1.0,1.0,1.0,5.0,5.0,5.0,5.0,5.0,5.0,5.0,5.0,10.0,10.0,10.0,10.0,10.0,10.0,10.0,10.0,15.0,15.0,15.0,15.0,15.0,15.0,15.0,15.0,20.0,20.0,20.0,20.0,20.0,20.0,20.0,20.0,0.1,0.1,0.1,0.1,0.1,0.1,0.1,0.1,1.0,1.0,1.0,1.0,1.0,1.0,1.0,1.0,5.0,5.0,5.0,5.0,5.0,5.0,5.0,5.0,10.0,10.0,10.0,10.0,10.0,10.0,10.0,10.0,15.0,15.0,15.0,15.0,15.0,15.0,15.0,15.0,20.0,20.0,20.0,20.0,20.0,20.0,20.0,20.0,0.1,0.1,0.1,0.1,0.1,0.1,0.1,0.1,1.0,1.0,1.0,1.0,1.0,1.0,1.0,1.0,5.0,5.0,5.0,5.0,5.0,5.0,5.0,5.0,10.0,10.0,10.0,10.0,10.0,10.0,10.0,10.0,15.0,15.0,15.0,15.0,15.0,15.0,15.0,15.0,20.0,20.0,20.0,20.0,20.0,20.0,20.0,20.0,0.1,0.1,0.1,0.1,0.1,0.1,0.1,0.1,1.0,1.0,1.0,1.0,1.0,1.0,1.0,1.0,5.0,5.0,5.0,5.0,5.0,5.0,5.0,5.0,10.0,10.0,10.0,10.0,10.0,10.0,10.0,10.0,15.0,15.0,15.0,15.0,15.0,15.0,15.0,15.0,20.0,20.0,20.0,20.0,20.0,20.0,20.0,20.0,0.1,0.1,0.1,0.1,0.1,0.1,0.1,0.1,1.0,1.0,1.0,1.0,1.0,1.0,1.0,1.0,5.0,5.0,5.0,5.0,5.0,5.0,5.0,5.0,10.0,10.0,10.0,10.0,10.0,10.0,10.0,10.0,15.0,15.0,15.0,15.0,15.0,15.0,15.0,15.0,20.0,20.0,20.0,20.0,20.0,20.0,20.0,20.0,0.1,0.1,0.1,0.1,0.1,0.1,0.1,0.1,1.0,1.0,1.0,1.0,1.0,1.0,1.0,1.0,5.0,5.0,5.0,5.0,5.0,5.0,5.0,5.0,10.0,10.0,10.0,10.0,10.0,10.0,10.0,10.0,15.0,15.0,15.0,15.0,15.0,15.0,15.0,15.0,20.0,20.0,20.0,20.0,20.0,20.0,20.0,20.0,0.1,0.1,0.1,0.1,0.1,0.1,0.1,0.1,1.0,1.0,1.0,1.0,1.0,1.0,1.0,1.0,5.0,5.0,5.0,5.0,5.0,5.0,5.0,5.0,10.0,10.0,10.0,10.0,10.0,10.0,10.0,10.0,15.0,15.0,15.0,15.0,15.0,15.0,15.0,15.0,20.0,20.0,20.0,20.0,20.0,20.0,20.0,20.0,0.1,0.1,0.1,0.1,0.1,0.1,0.1,0.1,1.0,1.0,1.0,1.0,1.0,1.0,1.0,1.0,5.0,5.0,5.0,5.0,5.0,5.0,5.0,5.0,10.0,10.0,10.0,10.0,10.0,10.0,10.0,10.0,15.0,15.0,15.0,15.0,15.0,15.0,15.0,15.0,20.0,20.0,20.0,20.0,20.0,20.0,20.0,20.0
1.0,0.1,0.01,0.001,0.0001,1e-05,1e-06,1e-07,1.0,0.1,0.01,0.001,0.0001,1e-05,1e-06,1e-07,1.0,0.1,0.01,0.001,0.0001,1e-05,1e-06,1e-07,1.0,0.1,0.01,0.001,0.0001,1e-05,1e-06,1e-07,1.0,0.1,0.01,0.001,0.0001,1e-05,1e-06,1e-07,1.0,0.1,0.01,0.001,0.0001,1e-05,1e-06,1e-07,1.0,0.1,0.01,0.001,0.0001,1e-05,1e-06,1e-07,1.0,0.1,0.01,0.001,0.0001,1e-05,1e-06,1e-07,1.0,0.1,0.01,0.001,0.0001,1e-05,1e-06,1e-07,1.0,0.1,0.01,0.001,0.0001,1e-05,1e-06,1e-07,1.0,0.1,0.01,0.001,0.0001,1e-05,1e-06,1e-07,1.0,0.1,0.01,0.001,0.0001,1e-05,1e-06,1e-07,1.0,0.1,0.01,0.001,0.0001,1e-05,1e-06,1e-07,1.0,0.1,0.01,0.001,0.0001,1e-05,1e-06,1e-07,1.0,0.1,0.01,0.001,0.0001,1e-05,1e-06,1e-07,1.0,0.1,0.01,0.001,0.0001,1e-05,1e-06,1e-07,1.0,0.1,0.01,0.001,0.0001,1e-05,1e-06,1e-07,1.0,0.1,0.01,0.001,0.0001,1e-05,1e-06,1e-07,1.0,0.1,0.01,0.001,0.0001,1e-05,1e-06,1e-07,1.0,0.1,0.01,0.001,0.0001,1e-05,1e-06,1e-07,1.0,0.1,0.01,0.001,0.0001,1e-05,1e-06,1e-07,1.0,0.1,0.01,0.001,0.0001,1e-05,1e-06,1e-07,1.0,0.1,0.01,0.001,0.0001,1e-05,1e-06,1e-07,1.0,0.1,0.01,0.001,0.0001,1e-05,1e-06,1e-07,1.0,0.1,0.01,0.001,0.0001,1e-05,1e-06,1e-07,1.0,0.1,0.01,0.001,0.0001,1e-05,1e-06,1e-07,1.0,0.1,0.01,0.001,0.0001,1e-05,1e-06,1e-07,1.0,0.1,0.01,0.001,0.0001,1e-05,1e-06,1e-07,1.0,0.1,0.01,0.001,0.0001,1e-05,1e-06,1e-07,1.0,0.1,0.01,0.001,0.0001,1e-05,1e-06,1e-07,1.0,0.1,0.01,0.001,0.0001,1e-05,1e-06,1e-07,1.0,0.1,0.01,0.001,0.0001,1e-05,1e-06,1e-07,1.0,0.1,0.01,0.001,0.0001,1e-05,1e-06,1e-07,1.0,0.1,0.01,0.001,0.0001,1e-05,1e-06,1e-07,1.0,0.1,0.01,0.001,0.0001,1e-05,1e-06,1e-07,1.0,0.1,0.01,0.001,0.0001,1e-05,1e-06,1e-07,1.0,0.1,0.01,0.001,0.0001,1e-05,1e-06,1e-07,1.0,0.1,0.01,0.001,0.0001,1e-05,1e-06,1e-07,1.0,0.1,0.01,0.001,0.0001,1e-05,1e-06,1e-07,1.0,0.1,0.01,0.001,0.0001,1e-05,1e-06,1e-07,1.0,0.1,0.01,0.001,0.0001,1e-05,1e-06,1e-07,1.0,0.1,0.01,0.001,0.0001,1e-05,1e-06,1e-07,1.0,0.1,0.01,0.001,0.0001,1e-05,1e-06,1e-07,1.0,0.1,0.01,0.001,0.0001,1e-05,1e-06,1e-07,1.0,0.1,0.01,0.001,0.0001,1e-05,1e-06,1e-07,1.0,0.1,0.01,0.001,0.0001,1e-05,1e-06,1e-07,1.0,0.1,0.01,0.001,0.0001,1e-05,1e-06,1e-07,1.0,0.1,0.01,0.001,0.0001,1e-05,1e-06,1e-07,1.0,0.1,0.01,0.001,0.0001,1e-05,1e-06,1e-07,1.0,0.1,0.01,0.001,0.0001,1e-05,1e-06,1e-07,1.0,0.1,0.01,0.001,0.0001,1e-05,1e-06,1e-07,1.0,0.1,0.01,0.001,0.0001,1e-05,1e-06,1e-07,1.0,0.1,0.01,0.001,0.0001,1e-05,1e-06,1e-07,1.0,0.1,0.01,0.001,0.0001,1e-05,1e-06,1e-07,1.0,0.1,0.01,0.001,0.0001,1e-05,1e-06,1e-07,1.0,0.1,0.01,0.001,0.0001,1e-05,1e-06,1e-07,1.0,0.1,0.01,0.001,0.0001,1e-05,1e-06,1e-07,1.0,0.1,0.01,0.001,0.0001,1e-05,1e-06,1e-07,1.0,0.1,0.01,0.001,0.0001,1e-05,1e-06,1e-07,1.0,0.1,0.01,0.001,0.0001,1e-05,1e-06,1e-07,1.0,0.1,0.01,0.001,0.0001,1e-05,1e-06,1e-07,1.0,0.1,0.01,0.001,0.0001,1e-05,1e-06,1e-07,1.0,0.1,0.01,0.001,0.0001,1e-05,1e-06,1e-07,1.0,0.1,0.01,0.001,0.0001,1e-05,1e-06,1e-07,1.0,0.1,0.01,0.001,0.0001,1e-05,1e-06,1e-07,1.0,0.1,0.01,0.001,0.0001,1e-05,1e-06,1e-07
0.02827034,0.02827034,0.03339866,0.09344865,0.24605426,0.06777455,0.04627416,0.04431661,0.0,0.00312594,0.00198794,0.02670004,0.03221428,0.03892371,0.0428938,0.04387747,0.0,0.0,0.0,0.0,0.000453836326,0.01639706,0.0358256,0.04239531,0.0,0.0,0.0,0.0,4.0996368e-05,0.0032064,0.0311842,0.04095849,0.0,0.0,0.0,0.0,0.0,0.00150401,0.02771098,0.03974899,0.0,0.0,0.0,0.0,0.0,0.0009493,0.02416602,0.03870221,0.0,0.02745583,0.02750894,0.03268678,0.03191948,0.03390878,0.04073729,0.04290996,0.0,0.00318465,0.00315225,0.02607596,0.02594193,0.02799877,0.03731694,0.04239023,0.0,0.0,0.0,0.0,0.000472135011,0.01746798,0.03020769,0.04033985,0.0,0.0,0.0,0.0,8.43867585e-05,0.00350253,0.02750614,0.03823981,0.0,0.0,0.0,0.0,3.71888732e-05,0.0016242,0.02642843,0.03654291,0.0,0.0,0.0,0.0,3.03748253e-05,0.00102769,0.02497819,0.03513375,0.0,0.02720371,0.02566553,0.02745038,0.02644102,0.03198902,0.03509781,0.04317556,0.0,0.0030806,0.00315589,0.02558537,0.02581056,0.02609015,0.03253117,0.04242786,0.0,0.0,0.0,0.0,0.00061716,0.01876965,0.02784203,0.03958563,0.0,0.0,0.0,0.0,0.000119406012,0.00422957,0.02647007,0.03684952,0.0,0.0,0.0,0.0,1.80639576e-05,0.00185254,0.02603981,0.03478074,0.0,0.0,0.0,0.0,2.92348107e-05,0.0011688,0.02545332,0.03317366,0.0,0.02721065,0.03097275,0.02675881,0.0260955,0.03110278,0.03086754,0.04137005,0.0,0.00295421,0.00315722,0.01948648,0.02581141,0.02581782,0.02943243,0.04060965,0.0,0.0,0.0,0.0,0.00073223,0.01827611,0.02685904,0.03772433,0.0,0.0,0.0,0.0,0.000104717128,0.00439145,0.02612541,0.03505066,0.0,0.0,0.0,0.0,3.44475736e-05,0.00193202,0.02588534,0.03307784,0.0,0.0,0.0,0.0,2.81216461e-05,0.00119601,0.02539059,0.03160086,0.0,0.02719044,0.02561882,0.02661425,0.0310522207,0.0308914744,0.02866419,0.04084649,0.0,0.0,0.00315494,0.00291517,0.02580827,0.02574163,0.02786409,0.04001056,0.0,0.0,0.0,0.0,0.00072628,0.01813398,0.02640985,0.03693147,0.0,0.0,0.0,0.0,9.25186625e-05,0.00470957,0.02597701,0.03415783,0.0,0.0,0.0,0.0,3.50610487e-05,0.00205452,0.02581922,0.03218748,0.0,0.0,0.0,0.0,2.8770355e-05,0.00126073,0.0253992,0.03076053,0.0,0.02720681,0.03040876,0.02644233,0.0310337106,0.03080904,0.02733212,0.03842257,0.0,0.0,0.00315217,0.00220199,0.02581796,0.0257152827,0.02692491,0.03764505,0.0,0.0,0.0,0.0,0.00065302,0.01714502,0.02614781,0.03487484,0.0,0.0,0.0,0.0,9.51426414e-05,0.00446145,0.02588954,0.03245047,0.0,0.0,0.0,0.0,3.61903263e-05,0.0019731,0.02576413,0.03077574,0.0,0.0,0.0,0.0,2.94724433e-05,0.00123634,0.02531185,0.02959993,0.0,0.0271923,0.025472,0.02586667,0.0310452751,0.03072601,0.02667003,0.03589702,0.0,0.0,0.00315053,0.00196767,0.02581264,0.02569798,0.02645366,0.03527843,0.0,0.0,0.0,0.0,0.000525110879,0.01668516,0.02600954,0.0330183,0.0,0.0,0.0,0.0,6.31339444e-05,0.00442616,0.025842,0.03105074,0.0,0.0,0.0,0.0,3.7841926e-05,0.00197012,0.02573549,0.02969872,0.0,0.0,0.0,0.0,3.05287581e-05,0.00122193,0.02529587,0.0287533,0.0,0.02719038,0.02548575,0.02626401,0.0310340669,0.0306812567,0.02639378,0.03648939,0.0,0.0,0.00314785,0.0021064,0.02580938,0.0307141588,0.02624888,0.03577748,0.0,0.0,0.0,0.0,0.00073738,0.0160086,0.02593925,0.03321608,0.0,0.0,0.0,0.0,9.70274829e-05,0.00462787,0.02581283,0.03104679,0.0,0.0,0.0,0.0,1.68927237e-05,0.00208112,0.0256865,0.02960492,0.0,0.0,0.0,0.0,2.68341115e-05,0.00127578,0.0251784,0.02862394,0.0,0.02718984,0.02744919,0.02626427,0.031055896,0.03054996,0.02619026,0.03518883,0.0,0.0,0.00315521,0.0017944,0.0205705,0.0306929099,0.02609911,0.03454827,0.0,0.0,0.0,0.0,0.000528433503,0.01522028,0.0258921,0.03226304,0.0,0.0,0.0,0.0,8.07254283e-05,0.00419532,0.0257953,0.03034564,0.0,0.0,0.0,0.0,1.87895131e-05,0.00191142,0.02564126,0.02908495,0.0,0.0,0.0,0.0,3.07618493e-05,0.00120354,0.02502686,0.02822653,0.0,0.0271909,0.02705167,0.02600951,0.0310232763,0.0303430973,0.03097365,0.03143292,0.0,0.0,0.00314784,0.00186669,0.01501353,0.0305641253,0.03093581,0.03103776,0.0,0.0,0.0,0.0,0.00070954,0.0148427,0.02581738,0.02964494,0.0,0.0,0.0,0.0,9.78391522e-05,0.00450329,0.02575162,0.02848656,0.0,0.0,0.0,0.0,1.67737652e-05,0.00205663,0.02555549,0.02773272,0.0,0.0,0.0,0.0,2.66625397e-05,0.00126136,0.0249369,0.02722584,0.0,0.0,0.02559855,0.0308740132,0.0310413059,0.02958642,0.03074248,0.0272604,0.0,0.0,0.00316551,0.00157906,0.0253744622,0.03041406,0.03076912,0.02715864,0.0,0.0,0.0,0.0,0.00062732,0.01113322,0.02572596,0.02680262,0.0,0.0,0.0,0.0,8.98619656e-05,0.00354056,0.02547029,0.02650489,0.0,0.0,0.0,0.0,3.32649681e-05,0.00178838,0.02477045,0.02630736,0.0,0.0,0.0,0.0,2.63784017e-05,0.00118262,0.02339639,0.02617322
0.51060327,0.51060327,0.55575068,0.69007059,0.72730721,0.58356923,0.51273351,0.50268896,0.49998032,0.48975158,0.47185394,0.34951138,0.39266136,0.48501261,0.50196684,0.50160622,0.0,0.49998032,0.49998032,0.499543113,0.447652272,0.26517337,0.45578811,0.4967728,0.0,0.49998032,0.49998032,0.4999153,0.484372985,0.26638727,0.40638627,0.49074865,0.0,0.49998032,0.49998032,0.49998032,0.492658572,0.32495848,0.36643739,0.48470091,0.0,0.0,0.49998032,0.49998032,0.495741706,0.36382408,0.33288124,0.47872428,0.0,0.492274,0.49874263,0.43552135,0.3896803,0.42572668,0.48237027,0.49216197,0.0,0.48760753,0.48356797,0.28739789,0.24810461,0.31508784,0.45681543,0.48942906,0.0,0.49998032,0.49998032,0.499065263,0.433671876,0.21112922,0.36585339,0.4773565,0.0,0.49998032,0.49998032,0.49981434,0.47726313,0.21876555,0.30437849,0.46251186,0.0,0.49998032,0.49998032,0.49998032,0.488513694,0.28161014,0.27436129,0.44824345,0.0,0.0,0.49998032,0.49998032,0.49296664,0.32674833,0.2557531,0.43444985,0.0,0.48650828,0.43117653,0.31900384,0.26013656,0.2866871,0.43225464,0.49130897,0.0,0.49701965,0.48360122,0.32196497,0.24021248,0.25367216,0.40126149,0.48727755,0.0,0.49998032,0.49998032,0.498999382,0.42580435,0.20981188,0.31365134,0.46966179,0.0,0.49998032,0.49998032,0.4997861,0.475037916,0.20198381,0.27113237,0.44820214,0.0,0.49998032,0.49998032,0.49998032,0.488167234,0.26571674,0.25384819,0.4279397,0.0,0.0,0.49998032,0.49998032,0.492692027,0.313259,0.24422365,0.40911294,0.0,0.48620875,0.4929042,0.2958754,0.24485805,0.25255509,0.37568679,0.48250505,0.0,0.49974482,0.48360158,0.29206498,0.23918237,0.23980376,0.34978348,0.47765321,0.0,0.49998032,0.49998032,0.498991254,0.42236433,0.2068406,0.28543363,0.45619723,0.0,0.49998032,0.49998032,0.49978396,0.473554115,0.19850444,0.2569516,0.43082147,0.0,0.49998032,0.49998032,0.49998032,0.487598199,0.26177595,0.24570062,0.40762598,0.0,0.0,0.49998032,0.49998032,0.492402408,0.30828734,0.23907226,0.38700791,0.0,0.4858975,0.42868975,0.2779604,0.24104045,0.24177547,0.33341691,0.47578453,0.0,0.49998032,0.48360109,0.25923741,0.24039338,0.23516699,0.31438021,0.47026474,0.0,0.49998032,0.49998032,0.498990826,0.42257074,0.20603982,0.26895321,0.44643676,0.0,0.49998032,0.49998032,0.49978396,0.474660379,0.19484841,0.24943658,0.41885769,0.0,0.0,0.49998032,0.49998032,0.487815524,0.25642179,0.24171032,0.39428161,0.0,0.0,0.49998032,0.49998032,0.492573922,0.30373558,0.23681304,0.37291403,0.0,0.48617271,0.48003229,0.27270419,0.239609657,0.23702648,0.29986075,0.45579846,0.0,0.49998032,0.48360297,0.2817266,0.23838872,0.232841933,0.28739473,0.44977601,0.0,0.49998032,0.49998032,0.498990399,0.42581248,0.20265687,0.25769957,0.42444093,0.0,0.49998032,0.49998032,0.49978353,0.475361872,0.19637954,0.24438259,0.39619132,0.0,0.0,0.49998032,0.49998032,0.488196266,0.25954891,0.23881796,0.37196392,0.0,0.0,0.49998032,0.49998032,0.492751031,0.30590984,0.23481015,0.35173191,0.0,0.48589993,0.4138575,0.26505214,0.239591918,0.23397262,0.278857,0.43566143,0.0,0.49998032,0.48360298,0.2953733,0.24083843,0.23178228,0.27078602,0.42963158,0.0,0.49998032,0.49998032,0.498991254,0.428084574,0.20122317,0.25094539,0.40443374,0.0,0.49998032,0.49998032,0.49978396,0.476342756,0.19613332,0.24143729,0.37702137,0.0,0.0,0.49998032,0.49998032,0.488712192,0.25913414,0.23721288,0.35400851,0.0,0.0,0.49998032,0.49998032,0.493002148,0.30639958,0.23378724,0.33510541,0.0,0.48589719,0.41829905,0.27464924,0.239064038,0.232342173,0.26849495,0.44440555,0.0,0.49998032,0.48360026,0.28673242,0.24138963,0.231057745,0.26241824,0.43747569,0.0,0.49998032,0.49998032,0.498990399,0.42122238,0.19912161,0.24719892,0.40854344,0.0,0.49998032,0.49998032,0.49978353,0.473645829,0.19405494,0.23966904,0.37768933,0.0,0.0,0.49998032,0.49998032,0.487346292,0.25466699,0.23607991,0.35256405,0.0,0.0,0.49998032,0.49998032,0.492037465,0.30043898,0.2327674,0.33246065,0.0,0.48589668,0.45643729,0.26485281,0.239586979,0.22950034,0.25960102,0.42888997,0.0,0.49998032,0.48360024,0.30542295,0.22470726,0.230572631,0.25527109,0.42212962,0.0,0.49998032,0.49998032,0.498990399,0.428944356,0.19702876,0.24411143,0.39442135,0.0,0.0,0.49998032,0.49978353,0.476227989,0.19836056,0.23828515,0.36531517,0.0,0.0,0.49998032,0.49998032,0.48862455,0.26072519,0.23527376,0.34196918,0.0,0.0,0.49998032,0.49998032,0.493055226,0.30693961,0.23190834,0.32327927,0.0,0.48590048,0.44280391,0.25973185,0.239138133,0.22512816,0.24755122,0.38308724,0.0,0.49998032,0.48360316,0.30096394,0.20547475,0.227929596,0.24542452,0.3769929,0.0,0.0,0.49998032,0.498990399,0.42275132,0.19587716,0.23948769,0.3529916,0.0,0.0,0.49998032,0.49978353,0.473865282,0.19420589,0.23599907,0.32911859,0.0,0.0,0.49998032,0.49998032,0.487256455,0.2549339,0.23371188,0.3108741,0.0,0.0,0.49998032,0.49998032,0.491986161,0.30019079,0.23079239,0.2968348,0.0,0.0,0.42155822,0.287081522,0.241727834,0.21085997,0.233997,0.29855393,0.0,0.0,0.48360237,0.32146198,0.250121028,0.22582404,0.23428047,0.2955236,0.0,0.0,0.49998032,0.498990399,0.42536111,0.18809404,0.23353953,0.28409549,0.0,0.0,0.49998032,0.49978353,0.47390843,0.20738423,0.23197319,0.27331264,0.0,0.0,0.49998032,0.49998032,0.487156698,0.26369836,0.22926592,0.26528413,0.0,0.0,0.49998032,0.49998032,0.491899746,0.30563789,0.22453213,0.25928689
0.79357468,0.79357468,0.78778109,0.67622991,0.37663252,0.45437138,0.74058132,0.7845897,0.00392786,0.00430428,0.79755163,0.79594776,0.75179209,0.71532847,0.74382181,0.78452424,1.0,1.0,1.0,0.000196392917,0.0298517233,0.79619325,0.77900887,0.78398416,1.0,1.0,1.0,1.0,0.00376419757,0.37916926,0.79139799,0.78331315,1.0,1.0,1.0,1.0,0.000671009132,0.14107558,0.79278911,0.78645544,1.0,1.0,1.0,1.0,0.000245491146,0.06389316,0.78747013,0.78604628,1.0,0.79678243,0.79090701,0.75509803,0.74972996,0.77825603,0.77902524,0.7773559,1.0,0.00451704,0.79784622,0.79784622,0.79784622,0.79715885,0.7976171,0.77825603,1.0,1.0,1.0,0.000392785834,0.0385093778,0.79784622,0.79782986,0.79774803,1.0,1.0,1.0,1.0,0.00633367157,0.45422408,0.79784622,0.79776439,1.0,1.0,1.0,1.0,0.00196392917,0.17915944,0.79784622,0.79781349,1.0,1.0,1.0,1.0,0.000490982292,0.08256686,0.79784622,0.79782986,1.0,0.79774803,0.79305096,0.78910674,0.7976171,0.99998363,0.79784622,0.79782986,1.0,0.00451704,0.79784622,0.79784622,0.79784622,0.79784622,0.79784622,0.79782986,1.0,1.0,1.0,0.000376419757,0.04459756,0.79784622,0.79784622,0.79782986,1.0,1.0,1.0,1.0,0.0079048149,0.49528657,0.79784622,0.79784622,1.0,1.0,1.0,1.0,0.00202939347,0.21136788,0.79784622,0.79784622,1.0,1.0,1.0,1.0,0.000490982292,0.10047134,0.79784622,0.79784622,1.0,0.79782986,0.65485581,0.79159438,0.79784622,0.99998363,0.79784622,0.79779713,1.0,0.00451704,0.79784622,0.79784622,0.79784622,0.79784622,0.79784622,0.79779713,1.0,1.0,1.0,0.000540080521,0.04796897,0.79784622,0.79784622,0.79784622,1.0,1.0,1.0,1.0,0.00877221695,0.50273313,0.79784622,0.79784622,1.0,1.0,1.0,1.0,0.00240581323,0.22092567,0.79784622,0.79784622,1.0,1.0,1.0,1.0,0.000621910903,0.10785244,0.79784622,0.79784622,1.0,0.79784622,0.7929364,0.79576773,1.0,1.0,0.79784622,0.79784622,1.0,0.00451704,0.25063009,0.79784622,0.79784622,0.79784622,0.79784622,0.79784622,1.0,1.0,1.0,0.000474616216,0.04787077,0.79784622,0.79784622,0.79784622,1.0,1.0,1.0,1.0,0.00831396681,0.51193087,0.79784622,0.79784622,1.0,1.0,1.0,1.0,0.00212758993,0.23612975,0.79784622,0.79784622,1.0,1.0,1.0,1.0,0.000605544827,0.11502078,0.79784622,0.79784622,1.0,0.79782986,0.64096102,0.79642238,1.0,0.99996727,0.79784622,0.79784622,1.0,0.00451704,0.00451704,0.79784622,0.79784622,0.999983634,0.79784622,0.79784622,1.0,1.0,1.0,0.000458250139,0.04518674,0.79784622,0.79784622,0.79784622,1.0,1.0,1.0,1.0,0.0075611273,0.49790514,0.79784622,0.79784622,1.0,1.0,1.0,1.0,0.00186573271,0.22706294,0.79784622,0.79784622,1.0,1.0,1.0,1.0,0.000441884063,0.1119276,0.79784622,0.79784622,1.0,0.79784622,0.79036693,0.797568,0.999983634,0.99998363,0.79784622,0.79784622,1.0,0.00451704,0.00451704,0.79784622,0.79784622,0.99996727,0.79784622,0.79784622,1.0,1.0,1.0,0.000343687604,0.0431900756,0.79784622,0.79784622,0.79784622,1.0,1.0,1.0,1.0,0.00710287716,0.49543386,0.79784622,0.79784622,1.0,1.0,1.0,1.0,0.00168570587,0.2281922,0.79784622,0.79784622,1.0,1.0,1.0,1.0,0.000458250139,0.11042192,0.79784622,0.79784622,1.0,0.79784622,0.78832117,0.7966024,1.0,1.0,0.79784622,0.79784622,1.0,0.00451704,0.00451704,0.79784622,0.79784622,0.999983634,0.79784622,0.79784622,1.0,1.0,1.0,0.000572812674,0.04862361,0.79784622,0.79784622,0.79784622,1.0,1.0,1.0,1.0,0.00891951164,0.49664495,0.79784622,0.79784622,1.0,1.0,1.0,1.0,0.00245491146,0.24028673,0.79784622,0.79784622,1.0,1.0,1.0,1.0,0.000671009132,0.12097804,0.79784622,0.79784622,1.0,0.79784622,0.75380511,0.7956368,1.0,0.99998363,0.79784622,0.79784622,1.0,0.00451704,0.00451704,0.79784622,0.79784622,0.999983634,0.79784622,0.79784622,1.0,1.0,1.0,0.000376419757,0.0429773166,0.79784622,0.79784622,0.79784622,1.0,1.0,1.0,1.0,0.00715197539,0.47851134,0.79784622,0.79784622,1.0,1.0,1.0,1.0,0.00165297372,0.22189126,0.79784622,0.79784622,1.0,1.0,1.0,1.0,0.000425517986,0.11016006,0.79784622,0.79784622,1.0,0.79784622,0.77025302,0.79506399,0.999885437,0.999983634,0.99998363,0.79784622,1.0,0.00451704,0.00451704,0.79784622,0.79784622,0.999983634,0.99998363,0.79784622,1.0,1.0,1.0,0.000507348368,0.04798534,0.79784622,0.79784622,0.79784622,1.0,1.0,1.0,1.0,0.00900134202,0.48443586,0.79784622,0.79784622,1.0,1.0,1.0,1.0,0.00253674184,0.23761906,0.79784622,0.79784622,1.0,1.0,1.0,1.0,0.000687375209,0.12150175,0.79784622,0.79784622,1.0,1.0,0.77383719,1.0,0.999983634,0.99998363,0.99998363,0.79784622,1.0,1.0,0.00451704,0.79784622,1.0,0.99998363,0.99998363,0.79784622,1.0,1.0,1.0,0.000572812674,0.04598867,0.79778076,0.99996727,0.79784622,1.0,1.0,1.0,1.0,0.00924683316,0.42183562,0.79776439,0.79784622,1.0,1.0,1.0,1.0,0.00278223299,0.21225164,0.79769893,0.79784622,1.0,1.0,1.0,1.0,0.000801937743,0.11241858,0.79720795,0.79784622
0.2354673,0.2354673,0.42957602,0.81629189,0.95659997,0.68383132,0.28143411,0.22126358,0.9673103,0.9644278,0.20257996,0.23445171,0.35370789,0.34465998,0.27400499,0.22127727,1.0,1.0,1.0,0.996052287,0.648074314,0.20427233,0.22828202,0.22142871,1.0,1.0,1.0,1.0,0.903756744,0.24791107,0.21038726,0.22162207,1.0,1.0,1.0,1.0,0.959668132,0.34763317,0.20632404,0.21771885,1.0,1.0,1.0,1.0,0.977524389,0.45750604,0.20735589,0.21789168,1.0,0.20924333,0.31541576,0.38298034,0.31907599,0.22803047,0.22210377,0.22322631,1.0,0.96268581,0.20010729,0.20010729,0.20016975,0.20107411,0.20053766,0.22173758,1.0,1.0,1.0,0.993698547,0.569820787,0.20010729,0.20013039,0.20032803,1.0,1.0,1.0,1.0,0.870100224,0.2159452,0.20010729,0.20024846,1.0,1.0,1.0,1.0,0.940525917,0.28571551,0.20010729,0.20016718,1.0,1.0,1.0,1.0,0.968001622,0.38127087,0.20010729,0.20013809,1.0,0.20092267,0.2468912,0.22793294,0.20057616,0.0,0.20010815,0.20015692,1.0,0.96268581,0.20010729,0.20010729,0.20010729,0.20010729,0.20010729,0.20015606,1.0,1.0,1.0,0.994040784,0.53173828,0.20010729,0.20010729,0.20013895,1.0,1.0,1.0,1.0,0.853409287,0.21194957,0.20010729,0.20010729,1.0,1.0,1.0,1.0,0.939879087,0.26966712,0.20010729,0.20010729,1.0,1.0,1.0,1.0,0.967715854,0.34918864,0.20010729,0.20010729,1.0,0.20090214,0.39874039,0.21042662,0.20010729,0.0,0.20010729,0.20017146,1.0,0.96268581,0.20010729,0.20010729,0.20010729,0.20010729,0.20010729,0.20016804,1.0,1.0,1.0,0.99374646,0.51758076,0.20010729,0.20010729,0.200109,1.0,1.0,1.0,1.0,0.844899545,0.21144563,0.20010729,0.20010815,1.0,1.0,1.0,1.0,0.936138428,0.26632603,0.20010729,0.20010729,1.0,1.0,1.0,1.0,0.966276744,0.34108787,0.20010729,0.20010729,1.0,0.20010729,0.22622602,0.20382827,2.56678343e-06,8.55594476e-07,0.20010729,0.20011157,1.0,0.96268581,0.34650806,0.20010729,0.20010729,0.20010815,0.20010729,0.20011157,1.0,1.0,1.0,0.994183669,0.51631362,0.20010729,0.20010729,0.20011157,1.0,1.0,1.0,1.0,0.851591149,0.2108142,0.20010729,0.20010986,1.0,1.0,1.0,1.0,0.939198034,0.26184442,0.20010729,0.20010815,1.0,1.0,1.0,1.0,0.967243566,0.33287844,0.20010729,0.20010815,1.0,0.20081829,0.38564124,0.20204521,1.54007006e-05,0.0,0.20010729,0.20014066,1.0,0.96268581,0.96268581,0.20010729,0.20010729,8.55594476e-07,0.20010729,0.20013381,1.0,1.0,1.0,0.994339387,0.52875311,0.20010729,0.20010729,0.20012269,1.0,1.0,1.0,1.0,0.859228185,0.21207021,0.20010729,0.20011157,1.0,1.0,1.0,1.0,0.941119699,0.26472093,0.20010729,0.20011071,1.0,1.0,1.0,1.0,0.967810825,0.3358773,0.20010729,0.200109,1.0,0.20010729,0.22480317,0.2008046,2.82346177e-05,0.0,0.20010729,0.20011243,1.0,0.96268581,0.96268581,0.20010729,0.20010815,0.0,0.20010729,0.20011157,1.0,1.0,1.0,0.994410401,0.538097911,0.20010729,0.20010729,0.200109,1.0,1.0,1.0,1.0,0.863382097,0.2124578,0.20010729,0.20010815,1.0,1.0,1.0,1.0,0.942718805,0.26458147,0.20010729,0.20010815,1.0,1.0,1.0,1.0,0.968425997,0.33689631,0.20010729,0.20010815,1.0,0.20010729,0.23122184,0.2017526,1.71118895e-06,8.55594476e-07,0.20010729,0.20011414,1.0,0.96268581,0.96268581,0.20010729,0.20011157,1.71118895e-06,0.20010729,0.20011328,1.0,1.0,1.0,0.993909879,0.51193897,0.20010729,0.20010729,0.200109,1.0,1.0,1.0,1.0,0.844359665,0.21230892,0.20010729,0.20010729,1.0,1.0,1.0,1.0,0.936053724,0.26093407,0.20010729,0.20010729,1.0,1.0,1.0,1.0,0.966420484,0.32777653,0.20010729,0.20010729,1.0,0.20010729,0.27560153,0.20306936,1.02671337e-05,0.0,0.20010729,0.20010729,1.0,0.96268581,0.96268581,0.20010729,0.20010986,8.55594476e-07,0.20010729,0.20010729,1.0,1.0,1.0,0.99440869,0.540285666,0.20010729,0.20010729,0.20010729,1.0,1.0,1.0,1.0,0.862684787,0.21416214,0.20010729,0.20010729,1.0,1.0,1.0,1.0,0.942196037,0.26675382,0.20010729,0.20010729,1.0,1.0,1.0,1.0,0.968025579,0.33818912,0.20010729,0.20010729,1.0,0.20011328,0.264602,0.20355534,0.000145451061,1.71118895e-06,0.0,0.20010729,1.0,0.96268581,0.96276367,0.20010729,0.20011414,1.71118895e-06,0.0,0.20010729,1.0,1.0,1.0,0.994009983,0.51594058,0.20010729,0.20010729,0.20010729,1.0,1.0,1.0,1.0,0.844055928,0.21377541,0.20010729,0.20010729,1.0,1.0,1.0,1.0,0.936229121,0.26227992,0.20010729,0.20010729,1.0,1.0,1.0,1.0,0.966432462,0.32703302,0.20010729,0.20010729,1.0,1.0,0.2670182,0.000145451061,5.64692354e-05,0.0,0.0,0.20010729,1.0,1.0,0.96268581,0.20010729,5.98916133e-06,0.0,0.0,0.20010729,1.0,1.0,1.0,0.993827741,0.5236281,0.20011328,0.0,0.20010729,1.0,1.0,1.0,1.0,0.842156509,0.22156817,0.20010729,0.20010729,1.0,1.0,1.0,1.0,0.935490743,0.27226471,0.20010815,0.20010729,1.0,1.0,1.0,1.0,0.966273321,0.33640435,0.20010815,0.20010729
0.05147135,0.05147135,0.06733731,0.16138154,0.31209146,0.06988024,0.05112559,0.05003601,0.00624236,0.006286,0.04968906,0.05155238,0.05732627,0.05398349,0.05083917,0.05003288,1.0,1.0,1.0,0.00259403372,0.00441489349,0.04970889,0.05012711,0.0500094,1.0,1.0,1.0,1.0,0.00204050853,0.02567965,0.049788,0.04998052,1.0,1.0,1.0,1.0,0.000869012293,0.01117895,0.04962851,0.04993313,1.0,1.0,1.0,1.0,0.000570689393,0.00611952,0.04937299,0.04991893,1.0,0.05004091,0.05695778,0.06013056,0.05442822,0.05006559,0.04974979,0.04971666,1.0,0.00628873,0.04956046,0.04956046,0.04956414,0.04957683,0.04957228,0.04968088,1.0,1.0,1.0,0.00324807146,0.00465814225,0.04956046,0.04956086,0.04956767,1.0,1.0,1.0,1.0,0.00254252321,0.02939606,0.04956046,0.04956395,1.0,1.0,1.0,1.0,0.00172334559,0.01294298,0.04956046,0.04956206,1.0,1.0,1.0,1.0,0.00080151754,0.00692802,0.04956046,0.04956131,1.0,0.04960272,0.0521787,0.05072213,0.04957455,0.0496805,0.04956051,0.04956242,1.0,0.00628873,0.04956046,0.04956046,0.04956046,0.04956046,0.04956046,0.04956237,1.0,1.0,1.0,0.00329135661,0.00495437,0.04956046,0.04956046,0.04956136,1.0,1.0,1.0,1.0,0.00281116317,0.03181162,0.04956046,0.04956046,1.0,1.0,1.0,1.0,0.00176156381,0.01490458,0.04956046,0.04956046,1.0,1.0,1.0,1.0,0.000794428409,0.00800607,0.04956046,0.04956046,1.0,0.04960635,0.05387128,0.0498021,0.04956046,0.0496805,0.04956046,0.04956134,1.0,0.00628873,0.04956046,0.04956046,0.04956046,0.04956046,0.04956046,0.04956114,1.0,1.0,1.0,0.0044946881,0.00517139,0.04956046,0.04956046,0.04956056,1.0,1.0,1.0,1.0,0.00294806781,0.03225451,0.04956046,0.04956051,1.0,1.0,1.0,1.0,0.00196558225,0.01549826,0.04956046,0.04956046,1.0,1.0,1.0,1.0,0.000963171368,0.00848448,0.04956046,0.04956046,1.0,0.04956046,0.05084906,0.04965731,0.0496813909,0.0496813101,0.04956046,0.04956071,1.0,0.00628873,0.01965599,0.04956046,0.04956046,0.04956051,0.04956046,0.04956071,1.0,1.0,1.0,0.00424783946,0.00514741,0.04956046,0.04956046,0.04956071,1.0,1.0,1.0,1.0,0.00292012761,0.03279985,0.04956046,0.04956061,1.0,1.0,1.0,1.0,0.00182599657,0.01644839,0.04956046,0.04956051,1.0,1.0,1.0,1.0,0.000965502844,0.00893301,0.04956046,0.04956051,1.0,0.0496014,0.05172125,0.04959059,0.0496819968,0.04967972,0.04956046,0.04956243,1.0,0.00628873,0.00628873,0.04956046,0.04956046,0.0496805374,0.04956046,0.04956202,1.0,1.0,1.0,0.00421432872,0.00498786,0.04956046,0.04956046,0.04956137,1.0,1.0,1.0,1.0,0.00280011879,0.03197917,0.04956046,0.04956071,1.0,1.0,1.0,1.0,0.00165380375,0.01588774,0.04956046,0.04956066,1.0,1.0,1.0,1.0,0.000717150522,0.00873379,0.04956046,0.04956056,1.0,0.04956046,0.0506043,0.04958512,0.0496818301,0.0496805,0.04956046,0.04956076,1.0,0.00628873,0.00628873,0.04956046,0.04956051,0.04967972,0.04956046,0.04956071,1.0,1.0,1.0,0.00320415014,0.00486451613,0.04956046,0.04956046,0.04956056,1.0,1.0,1.0,1.0,0.00271063644,0.03184066,0.04956046,0.04956051,1.0,1.0,1.0,1.0,0.00153612122,0.01596251,0.04956046,0.04956051,1.0,1.0,1.0,1.0,0.000758170643,0.00863044,0.04956046,0.04956051,1.0,0.04956046,0.05087995,0.04958396,0.0496813505,0.0496813101,0.04956046,0.04956087,1.0,0.00628873,0.00628873,0.04956046,0.04956071,0.0496805778,0.04956046,0.04956081,1.0,1.0,1.0,0.00489305187,0.00518132,0.04956046,0.04956046,0.04956056,1.0,1.0,1.0,1.0,0.00298705427,0.03191017,0.04956046,0.04956046,1.0,1.0,1.0,1.0,0.00200296439,0.01671284,0.04956046,0.04956046,1.0,1.0,1.0,1.0,0.00104357565,0.00932072,0.04956046,0.04956046,1.0,0.04956046,0.051594,0.04960461,0.0496817545,0.0496805,0.04956046,0.04956046,1.0,0.00628873,0.00628873,0.04956046,0.04956061,0.0496805374,0.04956046,0.04956046,1.0,1.0,1.0,0.00350716682,0.00486359343,0.04956046,0.04956046,0.04956046,1.0,1.0,1.0,1.0,0.0027155001,0.03085127,0.04956046,0.04956046,1.0,1.0,1.0,1.0,0.00149273584,0.01557388,0.04956046,0.04956046,1.0,1.0,1.0,1.0,0.000695242934,0.00862682,0.04956046,0.04956046,1.0,0.04956081,0.05191373,0.04959942,0.0496827283,0.0496805778,0.0496805,0.04956046,1.0,0.00628873,0.0063018,0.04956046,0.04956087,0.0496805778,0.0496805,0.04956046,1.0,1.0,1.0,0.00440841866,0.00515571,0.04956046,0.04956046,0.04956046,1.0,1.0,1.0,1.0,0.00300852232,0.03120645,0.04956046,0.04956046,1.0,1.0,1.0,1.0,0.00207527213,0.01656002,0.04956046,0.04956046,1.0,1.0,1.0,1.0,0.00106938256,0.00935044,0.04956046,0.04956046,1.0,1.0,0.05230559,0.0496881379,0.0496831632,0.0496805,0.0496805,0.04956046,1.0,1.0,0.00628873,0.04956046,0.0496815525,0.0496805,0.0496805,0.04956046,1.0,1.0,1.0,0.00482825217,0.0050216,0.04955695,0.04967972,0.04956046,1.0,1.0,1.0,1.0,0.00305324536,0.02754949,0.04955563,0.04956046,1.0,1.0,1.0,1.0,0.00224965924,0.01501859,0.04955182,0.04956046,1.0,1.0,1.0,1.0,0.00124151211,0.00877867,0.04952283,0.04956046
0.26319478,0.26319478,0.4473721,0.80933343,0.92778645,0.67243146,0.30424513,0.24925033,0.91944824,0.91672765,0.23213891,0.26234755,0.37348522,0.36307526,0.29734608,0.24926009,1.0,1.0,1.0,0.946576902,0.61736023,0.23367971,0.25564283,0.24937718,1.0,1.0,1.0,1.0,0.859043972,0.25443214,0.23925261,0.2495276,1.0,1.0,1.0,1.0,0.912023937,0.33737113,0.23546037,0.2459744,1.0,1.0,1.0,1.0,0.928971932,0.43795086,0.2361767,0.24611832,1.0,0.23843302,0.33903877,0.40146762,0.34047143,0.25536638,0.24977234,0.25075617,1.0,0.91508277,0.22980372,0.22980372,0.22986308,0.23068836,0.23020132,0.24938612,1.0,1.0,1.0,0.944349855,0.543424562,0.22980372,0.22982486,0.23000862,1.0,1.0,1.0,1.0,0.827187205,0.2277832,0.22980372,0.22993381,1.0,1.0,1.0,1.0,0.893896966,0.28042167,0.22980372,0.22985901,1.0,1.0,1.0,1.0,0.919934465,0.36643087,0.22980372,0.22983218,1.0,0.23057371,0.27402511,0.25581276,0.23023791,0.04968046,0.22980453,0.22985007,1.0,0.91508277,0.22980372,0.22980372,0.22980372,0.22980372,0.22980372,0.22984925,1.0,1.0,1.0,0.944674277,0.50753651,0.22980372,0.22980372,0.22983299,1.0,1.0,1.0,1.0,0.811403552,0.22602612,0.22980372,0.22980372,1.0,1.0,1.0,1.0,0.893285524,0.26677074,0.22980372,0.22980372,1.0,1.0,1.0,1.0,0.919662894,0.33683205,0.22980372,0.22980372,1.0,0.23055827,0.41146453,0.23929977,0.22980372,0.04968046,0.22980372,0.22986226,1.0,0.91508277,0.22980372,0.22980372,0.22980372,0.22980372,0.22980372,0.22985901,1.0,1.0,1.0,0.944402706,0.49424985,0.22980372,0.22980372,0.22980535,1.0,1.0,1.0,1.0,0.803359677,0.22591716,0.22980372,0.22980453,1.0,1.0,1.0,1.0,0.889749406,0.26407048,0.22980372,0.22980372,1.0,1.0,1.0,1.0,0.918301786,0.32950044,0.22980372,0.22980372,1.0,0.22980372,0.25438092,0.23323658,0.049683709,0.0496820828,0.22980372,0.22980779,1.0,0.91508277,0.34174472,0.22980372,0.22980372,0.22980453,0.22980372,0.22980779,1.0,1.0,1.0,0.944814941,0.49304078,0.22980372,0.22980372,0.22980779,1.0,1.0,1.0,1.0,0.809696068,0.22577406,0.22980372,0.22980616,1.0,1.0,1.0,1.0,0.892643185,0.26056688,0.22980372,0.22980453,1.0,1.0,1.0,1.0,0.919219761,0.322055,0.22980372,0.22980453,1.0,0.23047858,0.39832585,0.23157463,0.0496959053,0.04967964,0.22980372,0.22983543,1.0,0.91508277,0.91508277,0.22980372,0.22980372,0.0496812697,0.22980372,0.22982893,1.0,1.0,1.0,0.94496211,0.50472892,0.22980372,0.22980372,0.22981836,1.0,1.0,1.0,1.0,0.816916285,0.22627086,0.22980372,0.22980779,1.0,1.0,1.0,1.0,0.89445637,0.26285003,0.22980372,0.22980697,1.0,1.0,1.0,1.0,0.919750707,0.3247512,0.22980372,0.22980535,1.0,0.22980372,0.2529011,0.23045256,0.0497072885,0.04968046,0.22980372,0.2298086,1.0,0.91508277,0.91508277,0.22980372,0.22980453,0.04967964,0.22980372,0.22980779,1.0,1.0,1.0,0.945023905,0.513510261,0.22980372,0.22980372,0.22980535,1.0,1.0,1.0,1.0,0.820841058,0.22651641,0.22980372,0.22980453,1.0,1.0,1.0,1.0,0.895967086,0.2627736,0.22980372,0.22980453,1.0,1.0,1.0,1.0,0.92033613,0.32564478,0.22980372,0.22980453,1.0,0.22980372,0.25889924,0.23130549,0.0496828959,0.0496820828,0.22980372,0.22981023,1.0,0.91508277,0.91508277,0.22980372,0.22980779,0.0496820828,0.22980372,0.22980941,1.0,1.0,1.0,0.944559632,0.48892087,0.22980372,0.22980372,0.22980535,1.0,1.0,1.0,1.0,0.802853937,0.2264351,0.22980372,0.22980372,1.0,1.0,1.0,1.0,0.88967135,0.25990828,0.22980372,0.22980372,1.0,1.0,1.0,1.0,0.918440823,0.31750252,0.22980372,0.22980372,1.0,0.22980372,0.29935929,0.23250886,0.0496910268,0.04968046,0.22980372,0.22980372,1.0,0.91508277,0.91508277,0.22980372,0.22980616,0.0496812697,0.22980372,0.22980372,1.0,1.0,1.0,0.945023905,0.515578756,0.22980372,0.22980372,0.22980372,1.0,1.0,1.0,1.0,0.820180831,0.22729535,0.22980372,0.22980372,1.0,1.0,1.0,1.0,0.895468664,0.26452499,0.22980372,0.22980372,1.0,1.0,1.0,1.0,0.919953979,0.32686034,0.22980372,0.22980372,1.0,0.22980941,0.28972339,0.23294224,0.049813803,0.0496820828,0.04968046,0.22980372,1.0,0.91508277,0.91515676,0.22980372,0.22981023,0.0496820828,0.04968046,0.22980372,1.0,1.0,1.0,0.944651511,0.49269197,0.22980372,0.22980372,0.22980372,1.0,1.0,1.0,1.0,0.802569356,0.22722217,0.22980372,0.22980372,1.0,1.0,1.0,1.0,0.889842098,0.26105474,0.22980372,0.22980372,1.0,1.0,1.0,1.0,0.91845302,0.31682197,0.22980372,0.22980372,1.0,1.0,0.29219761,0.0498194946,0.0497341204,0.04968046,0.04968046,0.22980372,1.0,1.0,0.91508277,0.22980372,0.0496869613,0.04968046,0.04968046,0.22980372,1.0,1.0,1.0,0.944481575,0.49989836,0.22980616,0.04967964,0.22980372,1.0,1.0,1.0,1.0,0.800776499,0.23151771,0.22979966,0.22980372,1.0,1.0,1.0,1.0,0.8891526,0.26928318,0.22979722,0.22980372,1.0,1.0,1.0,1.0,0.918307477,0.32527645,0.22977282,0.22980372
0.09667251,0.09667251,0.12406951,0.26057673,0.34133788,0.12113107,0.09564816,0.09407268,0.00482175,0.00510972,0.09354978,0.09683303,0.10652938,0.10039081,0.09517338,0.09406667,1.0,1.0,1.0,0.000365141188,0.00769216171,0.09357556,0.09419315,0.09402129,1.0,1.0,1.0,1.0,0.00264643106,0.04810157,0.09368231,0.09396544,1.0,1.0,1.0,1.0,0.000757281912,0.02071632,0.09340959,0.09390416,1.0,1.0,1.0,1.0,0.000343304419,0.01116927,0.09292005,0.09387613,1.0,0.09416773,0.10626295,0.11139077,0.10148866,0.09407903,0.09352681,0.09345622,1.0,0.00525764,0.09332385,0.09332385,0.09333037,0.09334817,0.09334324,0.0933995,1.0,1.0,1.0,0.000700822006,0.00831097823,0.09332385,0.09332444,0.09333595,1.0,1.0,1.0,1.0,0.00362847084,0.05521854,0.09332385,0.09332947,1.0,1.0,1.0,1.0,0.0018357887,0.02414187,0.09332385,0.09332645,1.0,1.0,1.0,1.0,0.000608945408,0.01278341,0.09332385,0.09332524,1.0,0.0933981,0.09791508,0.09531745,0.09334726,0.09465825,0.09332394,0.09332721,1.0,0.00525764,0.09332385,0.09332385,0.09332385,0.09332385,0.09332385,0.09332712,1.0,1.0,1.0,0.000675576443,0.00891804,0.09332385,0.09332385,0.09332533,1.0,1.0,1.0,1.0,0.00414740015,0.05978343,0.09332385,0.09332385,1.0,1.0,1.0,1.0,0.00188601761,0.02784563,0.09332385,0.09332385,1.0,1.0,1.0,1.0,0.000606888181,0.01483038,0.09332385,0.09332385,1.0,0.09340508,0.0995529,0.09370865,0.09332385,0.09465825,0.09332385,0.09332508,1.0,0.00525764,0.09332385,0.09332385,0.09332385,0.09332385,0.09332385,0.09332472,1.0,1.0,1.0,0.000964291976,0.00933627,0.09332385,0.09332385,0.09332403,1.0,1.0,1.0,1.0,0.00441304813,0.06061975,0.09332385,0.09332394,1.0,1.0,1.0,1.0,0.00216353053,0.02896461,0.09332385,0.09332385,1.0,1.0,1.0,1.0,0.000755805281,0.01573142,0.09332385,0.09332385,1.0,0.09332385,0.09556948,0.09348123,0.0946599441,0.0946597975,0.09332385,0.0933243,1.0,0.00525764,0.0364531,0.09332385,0.09332385,0.09332394,0.09332385,0.0933243,1.0,1.0,1.0,0.000853832678,0.00929532,0.09332385,0.09332385,0.0933243,1.0,1.0,1.0,1.0,0.00432217198,0.06164974,0.09332385,0.09332412,1.0,1.0,1.0,1.0,0.00196528996,0.03075447,0.09332385,0.09332394,1.0,1.0,1.0,1.0,0.000744287094,0.01657846,0.09332385,0.09332394,1.0,0.09339631,0.09571864,0.0933675,0.094661044,0.09465677,0.09332385,0.09332733,1.0,0.00525764,0.00525764,0.09332385,0.09332385,0.0946583216,0.09332385,0.09332662,1.0,1.0,1.0,0.00082661707,0.00898403,0.09332385,0.09332385,0.09332546,1.0,1.0,1.0,1.0,0.00408677768,0.06009838,0.09332385,0.0933243,1.0,1.0,1.0,1.0,0.00175338758,0.02969752,0.09332385,0.09332421,1.0,1.0,1.0,1.0,0.000546829906,0.01620322,0.09332385,0.09332403,1.0,0.09332385,0.09511851,0.09336566,0.094660668,0.09465825,0.09332385,0.09332439,1.0,0.00525764,0.00525764,0.09332385,0.09332394,0.09465677,0.09332385,0.0933243,1.0,1.0,1.0,0.000620787513,0.00874417248,0.09332385,0.09332385,0.09332403,1.0,1.0,1.0,1.0,0.00392383777,0.05983578,0.09332385,0.09332394,1.0,1.0,1.0,1.0,0.00160744105,0.02983781,0.09332385,0.09332394,1.0,1.0,1.0,1.0,0.000571236216,0.01600959,0.09332385,0.09332394,1.0,0.09332385,0.0955903,0.09335699,0.0946598708,0.0946597975,0.09332385,0.09332457,1.0,0.00525764,0.00525764,0.09332385,0.0933243,0.0946583949,0.09332385,0.09332448,1.0,1.0,1.0,0.00102556589,0.00936474,0.09332385,0.09332385,0.09332403,1.0,1.0,1.0,1.0,0.0044753568,0.05996735,0.09332385,0.09332385,1.0,1.0,1.0,1.0,0.00220602834,0.031252,0.09332385,0.09332385,1.0,1.0,1.0,1.0,0.000816814424,0.01730795,0.09332385,0.09332385,1.0,0.09332385,0.09657777,0.09338694,0.094660604,0.09465825,0.09332385,0.09332385,1.0,0.00525764,0.00525764,0.09332385,0.09332412,0.0946583216,0.09332385,0.09332385,1.0,1.0,1.0,0.000679869938,0.00873830345,0.09332385,0.09332385,0.09332385,1.0,1.0,1.0,1.0,0.00393640499,0.05796533,0.09332385,0.09332385,1.0,1.0,1.0,1.0,0.00156877364,0.02910498,0.09332385,0.09332385,1.0,1.0,1.0,1.0,0.000527924141,0.01600061,0.09332385,0.09332385,1.0,0.09332448,0.09727152,0.09337379,0.0946618583,0.0946583949,0.09465825,0.09332385,1.0,0.00525764,0.0052622,0.09332385,0.09332457,0.0946583949,0.09465825,0.09332385,1.0,1.0,1.0,0.000909971527,0.00931101,0.09332385,0.09332385,0.09332385,1.0,1.0,1.0,1.0,0.00450974926,0.05863569,0.09332385,0.09332385,1.0,1.0,1.0,1.0,0.00228292008,0.03096224,0.09332385,0.09332385,1.0,1.0,1.0,1.0,0.000836845094,0.01736456,0.09332385,0.09332385,1.0,1.0,0.09798793,0.0946721908,0.0946630878,0.09465825,0.09465825,0.09332385,1.0,1.0,0.00525764,0.09332385,0.0946602374,0.09465825,0.09465825,0.09332385,1.0,1.0,1.0,0.00102412547,0.00905451,0.09331718,0.09465677,0.09332385,1.0,1.0,1.0,1.0,0.00459067808,0.05172115,0.09331473,0.09332385,1.0,1.0,1.0,1.0,0.0024877624,0.02805224,0.09330752,0.09332385,1.0,1.0,1.0,1.0,0.00097444566,0.01628561,0.09325276,0.09332385
