,1,1,1,1,1,1,1,1,1,1,1,1,1,1,1,1,1,1,1,1,1,1,1,1,3,3,3,3,3,3,3,3,3,3,3,3,3,3,3,3,3,3,3,3,3,3,3,3,5,5,5,5,5,5,5,5,5,5,5,5,5,5,5,5,5,5,5,5,5,5,5,5,10,10,10,10,10,10,10,10,10,10,10,10,10,10,10,10,10,10,10,10,10,10,10,10,15,15,15,15,15,15,15,15,15,15,15,15,15,15,15,15,15,15,15,15,15,15,15,15,20,20,20,20,20,20,20,20,20,20,20,20,20,20,20,20,20,20,20,20,20,20,20,20,25,25,25,25,25,25,25,25,25,25,25,25,25,25,25,25,25,25,25,25,25,25,25,25,30,30,30,30,30,30,30,30,30,30,30,30,30,30,30,30,30,30,30,30,30,30,30,30,35,35,35,35,35,35,35,35,35,35,35,35,35,35,35,35,35,35,35,35,35,35,35,35,40,40,40,40,40,40,40,40,40,40,40,40,40,40,40,40,40,40,40,40,40,40,40,40,50,50,50,50,50,50,50,50,50,50,50,50,50,50,50,50,50,50,50,50,50,50,50,50,100,100,100,100,100,100,100,100,100,100,100,100,100,100,100,100,100,100,100,100,100,100,100,100
,0.01,0.01,0.01,0.1,0.1,0.1,0.5,0.5,0.5,1.0,1.0,1.0,5.0,5.0,5.0,10.0,10.0,10.0,15.0,15.0,15.0,20.0,20.0,20.0,0.01,0.01,0.01,0.1,0.1,0.1,0.5,0.5,0.5,1.0,1.0,1.0,5.0,5.0,5.0,10.0,10.0,10.0,15.0,15.0,15.0,20.0,20.0,20.0,0.01,0.01,0.01,0.1,0.1,0.1,0.5,0.5,0.5,1.0,1.0,1.0,5.0,5.0,5.0,10.0,10.0,10.0,15.0,15.0,15.0,20.0,20.0,20.0,0.01,0.01,0.01,0.1,0.1,0.1,0.5,0.5,0.5,1.0,1.0,1.0,5.0,5.0,5.0,10.0,10.0,10.0,15.0,15.0,15.0,20.0,20.0,20.0,0.01,0.01,0.01,0.1,0.1,0.1,0.5,0.5,0.5,1.0,1.0,1.0,5.0,5.0,5.0,10.0,10.0,10.0,15.0,15.0,15.0,20.0,20.0,20.0,0.01,0.01,0.01,0.1,0.1,0.1,0.5,0.5,0.5,1.0,1.0,1.0,5.0,5.0,5.0,10.0,10.0,10.0,15.0,15.0,15.0,20.0,20.0,20.0,0.01,0.01,0.01,0.1,0.1,0.1,0.5,0.5,0.5,1.0,1.0,1.0,5.0,5.0,5.0,10.0,10.0,10.0,15.0,15.0,15.0,20.0,20.0,20.0,0.01,0.01,0.01,0.1,0.1,0.1,0.5,0.5,0.5,1.0,1.0,1.0,5.0,5.0,5.0,10.0,10.0,10.0,15.0,15.0,15.0,20.0,20.0,20.0,0.01,0.01,0.01,0.1,0.1,0.1,0.5,0.5,0.5,1.0,1.0,1.0,5.0,5.0,5.0,10.0,10.0,10.0,15.0,15.0,15.0,20.0,20.0,20.0,0.01,0.01,0.01,0.1,0.1,0.1,0.5,0.5,0.5,1.0,1.0,1.0,5.0,5.0,5.0,10.0,10.0,10.0,15.0,15.0,15.0,20.0,20.0,20.0,0.01,0.01,0.01,0.1,0.1,0.1,0.5,0.5,0.5,1.0,1.0,1.0,5.0,5.0,5.0,10.0,10.0,10.0,15.0,15.0,15.0,20.0,20.0,20.0,0.01,0.01,0.01,0.1,0.1,0.1,0.5,0.5,0.5,1.0,1.0,1.0,5.0,5.0,5.0,10.0,10.0,10.0,15.0,15.0,15.0,20.0,20.0,20.0
,0.001,0.0001,1e-05,0.001,0.0001,1e-05,0.001,0.0001,1e-05,0.001,0.0001,1e-05,0.001,0.0001,1e-05,0.001,0.0001,1e-05,0.001,0.0001,1e-05,0.001,0.0001,1e-05,0.001,0.0001,1e-05,0.001,0.0001,1e-05,0.001,0.0001,1e-05,0.001,0.0001,1e-05,0.001,0.0001,1e-05,0.001,0.0001,1e-05,0.001,0.0001,1e-05,0.001,0.0001,1e-05,0.001,0.0001,1e-05,0.001,0.0001,1e-05,0.001,0.0001,1e-05,0.001,0.0001,1e-05,0.001,0.0001,1e-05,0.001,0.0001,1e-05,0.001,0.0001,1e-05,0.001,0.0001,1e-05,0.001,0.0001,1e-05,0.001,0.0001,1e-05,0.001,0.0001,1e-05,0.001,0.0001,1e-05,0.001,0.0001,1e-05,0.001,0.0001,1e-05,0.001,0.0001,1e-05,0.001,0.0001,1e-05,0.001,0.0001,1e-05,0.001,0.0001,1e-05,0.001,0.0001,1e-05,0.001,0.0001,1e-05,0.001,0.0001,1e-05,0.001,0.0001,1e-05,0.001,0.0001,1e-05,0.001,0.0001,1e-05,0.001,0.0001,1e-05,0.001,0.0001,1e-05,0.001,0.0001,1e-05,0.001,0.0001,1e-05,0.001,0.0001,1e-05,0.001,0.0001,1e-05,0.001,0.0001,1e-05,0.001,0.0001,1e-05,0.001,0.0001,1e-05,0.001,0.0001,1e-05,0.001,0.0001,1e-05,0.001,0.0001,1e-05,0.001,0.0001,1e-05,0.001,0.0001,1e-05,0.001,0.0001,1e-05,0.001,0.0001,1e-05,0.001,0.0001,1e-05,0.001,0.0001,1e-05,0.001,0.0001,1e-05,0.001,0.0001,1e-05,0.001,0.0001,1e-05,0.001,0.0001,1e-05,0.001,0.0001,1e-05,0.001,0.0001,1e-05,0.001,0.0001,1e-05,0.001,0.0001,1e-05,0.001,0.0001,1e-05,0.001,0.0001,1e-05,0.001,0.0001,1e-05,0.001,0.0001,1e-05,0.001,0.0001,1e-05,0.001,0.0001,1e-05,0.001,0.0001,1e-05,0.001,0.0001,1e-05,0.001,0.0001,1e-05,0.001,0.0001,1e-05,0.001,0.0001,1e-05,0.001,0.0001,1e-05,0.001,0.0001,1e-05,0.001,0.0001,1e-05,0.001,0.0001,1e-05,0.001,0.0001,1e-05,0.001,0.0001,1e-05,0.001,0.0001,1e-05,0.001,0.0001,1e-05,0.001,0.0001,1e-05,0.001,0.0001,1e-05,0.001,0.0001,1e-05,0.001,0.0001,1e-05,0.001,0.0001,1e-05,0.001,0.0001,1e-05,0.001,0.0001,1e-05,0.001,0.0001,1e-05,0.001,0.0001,1e-05,0.001,0.0001,1e-05,0.001,0.0001,1e-05
,0.001,0.001,0.001,0.001,0.001,0.001,0.001,0.001,0.001,0.001,0.001,0.001,0.001,0.001,0.001,0.001,0.001,0.001,0.001,0.001,0.001,0.001,0.001,0.001,0.001,0.001,0.001,0.001,0.001,0.001,0.001,0.001,0.001,0.001,0.001,0.001,0.001,0.001,0.001,0.001,0.001,0.001,0.001,0.001,0.001,0.001,0.001,0.001,0.001,0.001,0.001,0.001,0.001,0.001,0.001,0.001,0.001,0.001,0.001,0.001,0.001,0.001,0.001,0.001,0.001,0.001,0.001,0.001,0.001,0.001,0.001,0.001,0.001,0.001,0.001,0.001,0.001,0.001,0.001,0.001,0.001,0.001,0.001,0.001,0.001,0.001,0.001,0.001,0.001,0.001,0.001,0.001,0.001,0.001,0.001,0.001,0.001,0.001,0.001,0.001,0.001,0.001,0.001,0.001,0.001,0.001,0.001,0.001,0.001,0.001,0.001,0.001,0.001,0.001,0.001,0.001,0.001,0.001,0.001,0.001,0.001,0.001,0.001,0.001,0.001,0.001,0.001,0.001,0.001,0.001,0.001,0.001,0.001,0.001,0.001,0.001,0.001,0.001,0.001,0.001,0.001,0.001,0.001,0.001,0.001,0.001,0.001,0.001,0.001,0.001,0.001,0.001,0.001,0.001,0.001,0.001,0.001,0.001,0.001,0.001,0.001,0.001,0.001,0.001,0.001,0.001,0.001,0.001,0.001,0.001,0.001,0.001,0.001,0.001,0.001,0.001,0.001,0.001,0.001,0.001,0.001,0.001,0.001,0.001,0.001,0.001,0.001,0.001,0.001,0.001,0.001,0.001,0.001,0.001,0.001,0.001,0.001,0.001,0.001,0.001,0.001,0.001,0.001,0.001,0.001,0.001,0.001,0.001,0.001,0.001,0.001,0.001,0.001,0.001,0.001,0.001,0.001,0.001,0.001,0.001,0.001,0.001,0.001,0.001,0.001,0.001,0.001,0.001,0.001,0.001,0.001,0.001,0.001,0.001,0.001,0.001,0.001,0.001,0.001,0.001,0.001,0.001,0.001,0.001,0.001,0.001,0.001,0.001,0.001,0.001,0.001,0.001,0.001,0.001,0.001,0.001,0.001,0.001,0.001,0.001,0.001,0.001,0.001,0.001,0.001,0.001,0.001,0.001,0.001,0.001,0.001,0.001,0.001,0.001,0.001,0.001,0.001,0.001,0.001,0.001,0.001,0.001,0.001,0.001,0.001,0.001,0.001,0.001
auprc,0.05654297479940506,0.05657384144917606,0.0565761303462312,0.05626781086977731,0.0565436991057551,0.05657203049277301,0.04983887740026863,0.05640876829906807,0.056563716998690644,0.045940711440308014,0.0562531107798677,0.05654456619171783,0.03221492807151885,0.04893103308425542,0.056415112846777325,0.02949642020330315,0.04458393914538971,0.05624708368408831,0.028869452895833692,0.043497331637500844,0.05611450660894633,0.02847046779840424,0.03720243168484426,0.05387581501542069,0.05498476734215547,0.05504270628342036,0.05504831457675838,0.05471962252097903,0.05501757335240858,0.05504477134475732,0.04852595089939317,0.05490366100343011,0.05503517699336707,0.04592747104510612,0.05475326278210147,0.05502262318590457,0.03290350236689499,0.04917603375668777,0.054901658028556746,0.030425164493564204,0.04852237164302699,0.054754579984839694,0.029284534872913395,0.04279969142612578,0.05323552655011153,0.028753185279714023,0.03719034078707194,0.05199223260586037,0.05490559159638086,0.05492445659097574,0.05492402561248736,0.05463195658060065,0.05489889831212315,0.0549213969963892,0.049701934423526585,0.05477984654848993,0.05491492141929774,0.044537933724129286,0.054637007885717036,0.05490144932989888,0.03197079464850025,0.04841295023310259,0.05478296833691506,0.029488355850386432,0.04442323012290602,0.05463668600012588,0.02886609587840926,0.04050547491897974,0.05286619976631206,0.028516141425167455,0.03814268833362755,0.05148754634806188,0.05624015147810734,0.05630462579494738,0.05631344832794137,0.054433400079206516,0.0562649811501316,0.05630968035622142,0.0505451464527469,0.05609193200019684,0.056292145685708624,0.050898740869421616,0.05538457619032532,0.05627012373955129,0.0329940820001477,0.05039768629994938,0.056092613295643384,0.029668832833235646,0.04631820077088957,0.055292779409117185,0.02886761397405779,0.0403612043011019,0.05278711820534303,0.028524520048279395,0.03898700976514998,0.05133802837042949,0.05508654177284221,0.055143500831151514,0.05515303826174086,0.05403640263158331,0.05510567608728275,0.05514896751389292,0.04881534904202751,0.05496689649299336,0.055130793074201906,0.04564173605668776,0.05432408330318258,0.0551125842514838,0.03230172677523974,0.05048985071675455,0.05496793836622671,0.029301116641794776,0.04552663064809753,0.05432615413684617,0.028749785472494283,0.04193892578423231,0.052134008151541754,0.028791577212628656,0.04197511337234098,0.05116728162850386,0.05594991531005016,0.05599565514955614,0.055997397960617736,0.053947722662304756,0.055948004661255,0.05599411802314687,0.051625388128775096,0.05577149619593377,0.05597386995504899,0.046672952032769395,0.05319719901279009,0.05594764513342949,0.0334002920238827,0.04979651147067404,0.055771179083649126,0.030113751920171232,0.04535725550855395,0.053041809775208684,0.028919229162727468,0.04300275075023707,0.05117873760883248,0.02850335642297411,0.04023626099912504,0.05074702737270023,0.05555137732755371,0.055565901396884755,0.05556929771067104,0.10893654458068032,0.05552869231493806,0.055564987310556854,0.051380798728608866,0.055371836633473934,0.05554939899403156,0.04616991716066158,0.053802684503592026,0.05552683366709615,0.032846028667376535,0.04975158732021713,0.05536989775035961,0.03725321967857942,0.04574908514387841,0.053867913910407,0.029367013883658723,0.04175066313165078,0.051292029742387404,0.03155896556575982,0.038825098921526614,0.05041238764657157,0.05573268349386336,0.055810342832340896,0.0558186409947997,0.05357785243822449,0.05576611629588993,0.05581509988722974,0.04937558293263668,0.05556431303150339,0.055796946108393676,0.04517040474703656,0.05240191634812058,0.05576618350556712,0.03452278309822348,0.047638643718852264,0.055565880859294724,0.029727222293086303,0.0441849649041953,0.05241886388994696,0.02864687667362282,0.04060808874559188,0.05073725363435041,0.028423655972682652,0.03846248432724885,0.05021970207793495,0.0556125425261932,0.055664062333829305,0.05567200918352354,0.10864616927885175,0.05562460383604575,0.055668471355228094,0.04895356706749563,0.05527934704326067,0.05565253380451303,0.04595705992414094,0.05141028628621893,0.05562268574126335,0.03287390031970501,0.048652991516668055,0.055395832726363,0.029309388535462562,0.04478970624914377,0.05145102369233804,0.02865189524940101,0.04145329861987752,0.050563592629648796,0.028704641723597837,0.03853544115564126,0.05030719208802133,0.05563342183541192,0.05567420878904798,0.055673359112477026,0.05393128821499735,0.05563409952210307,0.055674748429918965,0.05391504313442914,0.0554789762679296,0.05566208660465148,0.04806435188182527,0.05274539297377876,0.055635153006447474,0.032111284270851415,0.0494792573781396,0.05547897231387496,0.029330250549306974,0.04479928917266711,0.0526785953718167,0.028693477389228506,0.0403006075621499,0.051032638787500834,0.028668792917122998,0.040044820136843844,0.05062290321233609,0.0555345403161302,0.05554637970287838,0.05554536568052212,0.11957713479990692,0.05550369196390283,0.05554281086192962,0.052246407640260346,0.055351945531191216,0.05552831547734044,0.04897004463311584,0.0535233044920358,0.055507904696984856,0.03262049279364228,0.05013927124865682,0.05535375862189869,0.040295240744769915,0.04464111746556883,0.053611288001994106,0.0314983751405754,0.04164844494158917,0.05175068707352865,0.028415375171257782,0.03761081635085047,0.05076255606440735,0.055821368724046944,0.05583238447796669,0.05583322664080506,0.33256073793430757,0.055791467615634575,0.05582701561309447,0.05336125683385193,0.05562357606247894,0.05581104124939189,0.04520060581270408,0.05341738469489698,0.055790308832991915,0.03235472180952511,0.04860146663707817,0.05561745899037381,0.030343093374451343,0.04457242669428413,0.05347474723628772,0.02872359245981987,0.03917586068108005,0.05169752063529403,0.028438822645139097,0.037174504746361484,0.05065789573919108
auroc,0.5007196592699614,0.5007316769206378,0.5007367066587731,0.5007461665291277,0.5007408266783065,0.5007305483025668,0.5055027754280322,0.5006616821645531,0.5007409306822014,0.49785053427682097,0.5006446236390302,0.500727111114119,0.5140438531619695,0.5007795723743662,0.5006750602214607,0.4931851387418137,0.48813176224496296,0.5005769882484863,0.5037146333865982,0.5317657716886813,0.500708113061136,0.4866085106015396,0.5003201073632975,0.5004991350051432,0.49979533963097367,0.49999320534431324,0.49999847885268045,0.49984078951685124,0.49999911401276137,0.49999484509944375,0.496122924952583,0.5000294322569165,0.5000066003696971,0.4988751391049002,0.5000440693992623,0.5000089908543209,0.5164542726089304,0.501055259966934,0.500005578095578,0.5132090525140831,0.5070878633474247,0.5000485972135468,0.505629988547481,0.5301948112815229,0.4998388889004967,0.5004078409766629,0.4922017676784708,0.49940262611823494,0.5000571696387213,0.500005238628041,0.49997875630089567,0.5000818689159361,0.5000386590894472,0.4999827370319047,0.5062768605892439,0.5000725539330906,0.5000094589759869,0.5086289938962524,0.500123517605859,0.5000306531540943,0.4483417248141508,0.49697503236806123,0.5000818905645263,0.47031499500840807,0.5118737481359813,0.50012246057393,0.4796995467563993,0.49934736459385215,0.4997546220877139,0.48655741181804507,0.47189316448187274,0.5010967961503463,0.5010382267777345,0.5011990597902544,0.5012394458785281,0.5014933106630142,0.5011893670413466,0.5012461085231453,0.5098841739995595,0.5011890407687909,0.5012419570537358,0.5256423682890228,0.5011208192368476,0.5012348478135268,0.5201664779107217,0.5094591734828703,0.5012137038792611,0.49361672399514867,0.4946975943178281,0.5011778164954529,0.49588771966016165,0.49334853758396185,0.501780161050354,0.49735021613395397,0.45364283394546945,0.49939991628321334,0.5000840849866774,0.5001981861786335,0.5002287413198687,0.4996446541715303,0.5001905666834806,0.500225730413848,0.4981636128929698,0.5002198421075711,0.5002074963588491,0.49987030161749296,0.5003417400264325,0.5002224074348838,0.45779580945713216,0.5118829121790237,0.5002409830034382,0.4840861648802147,0.5020188902726035,0.5003293474765703,0.4985783087174664,0.49076985276037943,0.49954280078894686,0.5070671453402893,0.5353014766346986,0.49973750512202364,0.5010852166171493,0.5011562583465937,0.5011530593783997,0.5038071796028611,0.5011422079092215,0.5011568799196419,0.5198613318182944,0.5011343115277423,0.5011393221288667,0.5031555119879347,0.5014757543669349,0.5011417220962345,0.5253718463294194,0.506681593271859,0.501129570204696,0.5134779563303912,0.5013438210952177,0.5014969949173763,0.4972717842104402,0.5174686089728202,0.5017953834519837,0.4877850589943715,0.5267692907620951,0.5039211803561404,0.49935350764780095,0.4991789963404836,0.4991751804058454,0.5193284032045394,0.49916933049610623,0.49916844362675183,0.5176438477805837,0.49921946984397575,0.49916012066880666,0.5011633778291466,0.4994358178666345,0.49914660577369646,0.5092322507303418,0.5055904045596902,0.49919542415325946,0.5973483249366351,0.4977004514616925,0.4993969490419211,0.5091706049178611,0.4984787949263299,0.4990754817011988,0.5545583064635435,0.48814163068191985,0.4992204774039145,0.49947592738712343,0.49967328372763525,0.49969849205913647,0.5009615251487299,0.49961553141471915,0.4996979880157576,0.5027906155169518,0.4995044122394936,0.4996527919954362,0.5030086999599233,0.49898040735350285,0.4996019837465588,0.5452072117480065,0.48948320919391797,0.49950484356958297,0.49530439485584,0.5034922753501954,0.4991054873945984,0.49489645910074254,0.48935163401218085,0.4992070242446537,0.48936192668554634,0.4662917625486128,0.5002008958298811,0.498115950526072,0.4982023966915283,0.4982240001223284,0.5149048262325929,0.4981814711054091,0.4982258679288786,0.499107193112383,0.4980791649401723,0.4982107882339716,0.4977567364118454,0.4987183633469294,0.4981851839795265,0.5088766751964854,0.4984857633465639,0.4981169374298004,0.4887534913052987,0.5102296142074441,0.4990548494553151,0.492226076239675,0.5099602732415334,0.49960346574999304,0.5128394725721438,0.5124273700331278,0.5010814614872382,0.49957171561147784,0.49950805111390234,0.4994989064283991,0.5058449373998231,0.49949069348988845,0.4995263065969625,0.538975820291915,0.4995861080157146,0.4995266754561054,0.5085646277368712,0.5001172317961812,0.49949929883513156,0.5125374932384349,0.5059267731261546,0.49960270305067916,0.4844338237316781,0.4891733204920256,0.4991126981148715,0.4861389805764737,0.490865758391887,0.4986589519948527,0.508023856673212,0.5236074783483148,0.500865058222082,0.50133211251584,0.5011653390664546,0.5011677832988798,0.520670565309603,0.5011352450389658,0.5011659178568898,0.5277135210395439,0.5011327886161908,0.5011688121153572,0.5126154209225444,0.5008541903112474,0.5011544420948074,0.43063819898850164,0.5118391318686892,0.5011254949647875,0.6127249727471882,0.5081599328504652,0.5015623785114914,0.545038195384608,0.5120509661296568,0.501608546745864,0.49388051849913167,0.4522562746738918,0.500420091897944,0.5007536326219049,0.50061484599705,0.5005727899166788,0.7584390400933048,0.5006060063520673,0.5005691024891501,0.535324756281413,0.5006100807221113,0.5005790785932327,0.5049434751559013,0.5003878027622142,0.5005737987630361,0.4966582422377238,0.5012666156923693,0.5005718197976522,0.5134207047406687,0.49113109728448884,0.5003481549067942,0.5000857559221488,0.49748955541656603,0.499890932233913,0.49996266889903074,0.45548521801828223,0.49965529207068815
sn,0.9996330350043832,0.999714582781187,0.999714582781187,0.9992660700087664,0.999714582781187,0.999714582781187,0.8503802165093474,0.999714582781187,0.999714582781187,0.8783714908972294,0.9992660700087664,0.999714582781187,0.9800819555156878,0.8615522619314591,0.999714582781187,0.9931295998042854,0.8801655419869115,0.9992456830645654,0.9990214266783551,0.8796354814376873,0.9992864569529674,0.9790422213614401,0.9156388248965363,0.8995942998104014,0.9623045401724736,0.9639354957085482,0.9638743348759454,0.9556176224745673,0.963079244052109,0.9638743348759454,0.8828566186214348,0.9630180832195062,0.9639354957085482,0.8869747813500235,0.966769280952478,0.9631200179405109,0.9735173594829871,0.8799005117122994,0.9630180832195062,0.9966973150394487,0.8783103300646267,0.9527022894538337,0.9982467227987197,0.890827913804,0.8960469715194389,0.9993272308413692,0.9239159242421153,0.8796558683818883,0.9830584493690241,0.9829157407596175,0.9837719924160567,0.9530488675052496,0.9825487757640007,0.9837719924160567,0.8775967870175939,0.9562292308005953,0.9829769015922203,0.8915822307394344,0.9542109233247028,0.9825487757640007,0.9848728874029071,0.8707875476544821,0.9550467880369411,0.9974312450306824,0.8932743471081119,0.954170149436301,0.9989398789015514,0.9129885221504149,0.8507267945607633,0.999388391673972,0.8906852051945934,0.861898839982875,0.9990622005667571,0.9991029744551589,0.9991233613993599,0.9050783878004526,0.9989602658457524,0.9991233613993599,0.8798189639354957,0.9976555014168926,0.9989194919573505,0.8949460765325885,0.9885221504148743,0.9989602658457524,0.9876862857026361,0.8702371001610568,0.9976555014168926,0.988950276243094,0.8944364029275652,0.9786344824774215,0.9949440378381684,0.9036513017063872,0.9024688589427331,0.9973496972538786,0.9318668324804795,0.8646918513384029,0.9841389574116736,0.9841593443558745,0.9841185704674726,0.9400827709934558,0.982161423824183,0.9841185704674726,0.8812664369737621,0.9528653850074412,0.9841389574116736,0.9034882061527798,0.9352510652178345,0.9841797313000754,0.9813255591119447,0.873886363173024,0.9528042241748385,0.9923956698130517,0.9029785325477564,0.9365354427024933,0.9989602658457524,0.9001243603596257,0.871419542924711,0.9966769280952478,0.9177182932050315,0.8884426413324906,0.9979816925241075,0.9980428533567104,0.9980836272451122,0.8933355079407148,0.9980836272451122,0.9980836272451122,0.885241891092944,0.9941693339585329,0.9980836272451122,0.8959858106868361,0.9000428125828219,0.9980836272451122,0.9775132005463701,0.8847933783205235,0.9941693339585329,0.9958206764388086,0.8848341522089254,0.9019999592261116,0.9989194919573505,0.9003282298016351,0.8663228068744776,0.9994495525065747,0.8833051313938554,0.8926627387820839,0.9959022242156124,0.9963711239322338,0.9962284153228272,0.15051680903549366,0.996309963099631,0.9963711239322338,0.8741717803918371,0.9956168069967992,0.9963711239322338,0.9001855211922285,0.9179221626470409,0.99628957615543,0.9851379176775193,0.8769851786915659,0.9956168069967992,0.968298301767548,0.898819595930766,0.9329065666347272,0.9977166622494954,0.900960225071864,0.8854457605349534,0.9911112923283929,0.9288903386271432,0.8582903508593097,0.9999592261115982,0.9999592261115982,0.9999592261115982,0.9033454975433732,0.9999592261115982,0.9999592261115982,0.88711748995943,0.9999592261115982,0.9999592261115982,0.901571833397892,0.9054453527960694,0.9999592261115982,0.9508674644757498,0.8841002222176918,0.9999592261115982,0.9972681494770749,0.9027135022731443,0.9070559213879431,0.9993068438971683,0.8930093168334998,0.8629997349697254,0.9995107133391776,0.8905221096409859,0.8860981427493833,0.9999388391673972,0.9998980652789954,0.9998980652789954,0.14778495851256856,0.9998980652789954,0.9998980652789954,0.8941305987645511,0.9999184522231963,0.9998980652789954,0.8956188456912193,0.8762920225887342,0.9998980652789954,0.9851175307333184,0.8862204644145889,0.9998165175021916,0.9956779678294021,0.8968420623432753,0.8716845731993231,0.9992660700087664,0.9026115675521396,0.8803082505963181,0.9975127928074861,0.9265866139324377,0.8734582373448044,0.998776783347944,0.998756396403743,0.998756396403743,0.9057307700148824,0.998756396403743,0.998756396403743,0.8739475240056268,0.9987971702921449,0.998756396403743,0.9024280850543313,0.9137020651974476,0.998756396403743,0.9810401418931316,0.8825304275142198,0.9987971702921449,0.9849544351797109,0.9034678192085788,0.8937840207131353,0.9991437483435608,0.8939675032109438,0.8912968135206214,0.9994495525065747,0.9062608305641068,0.8730504984607858,0.9985729139059346,0.9983282705755234,0.9983282705755234,0.15255550345558705,0.9983078836313225,0.9983282705755234,0.8859350471957759,0.9983486575197243,0.9983078836313225,0.8978410226091211,0.905588061405476,0.9983690444639253,0.9808974332837251,0.8928666082240933,0.9983486575197243,0.9263011967136245,0.8949460765325885,0.9033047236549714,0.9940470122933274,0.9183706754194614,0.8796762553260892,0.9995311002833785,0.9006136470204481,0.8797374161586919,0.0,0.0,0.0,0.4769933334692463,0.9988379441805468,0.0,0.8797374161586919,0.9957799025504067,0.0,0.9091965505290412,0.9288699516829423,0.0,0.9724368514403376,0.8972090273388922,0.9957799025504067,0.9955148722757946,0.9014291247884855,0.9254857189455873,0.9994699394507757,0.9223461295386435,0.8938451815457381,0.9896230454017247,0.9449144767690771,0.8881776110578785
sp,0.0004410999373806356,0.00034254354810212847,0.0003437454552884517,0.0008966227609971503,0.000349754991220068,0.0003437454552884517,0.23749325429591675,0.0003665816918285936,0.00034254354810212847,0.26958898379949303,0.0008785941532023014,0.00035095689840639125,0.21264502512586972,0.2309741097172994,0.0003665816918285936,0.14264715250158952,0.2755492415364701,0.0009014303897424433,0.058190336425840525,0.3099165756221973,0.0009050361113014131,0.21061019625942445,0.29992872690385103,0.11704652943290413,0.04160161344020692,0.03979033931041777,0.039807166011026296,0.0503442863135223,0.04073984598761315,0.039802358382281,0.2521000323313033,0.04159079627553001,0.03979274312479042,0.3001318492183397,0.03838771362397853,0.04075186505947638,0.2519702263551804,0.2486265205628291,0.04160642106895222,0.11380258193701766,0.3140883954659253,0.053183191087617834,0.0830049121946705,0.3364943492333635,0.12855118502039037,0.04796571199178857,0.3233034178634657,0.16385240098989076,0.01836994943576467,0.01844326577413039,0.01750577816879825,0.05181902643114093,0.018943259163640865,0.01750217244723928,0.2693233623113156,0.04747293004539604,0.01843605433101245,0.3182674267527713,0.0505822639364143,0.01894806679238616,0.20803691297350635,0.27673071630062585,0.04868204867483723,0.10336401802380017,0.3200089902657537,0.05060870589451341,0.06804717726087756,0.32096811220043964,0.17961781755289294,0.0441172051811815,0.34684156820042045,0.19792406590778247,0.0012980597612291184,0.0012211377013044299,0.001189888114460025,0.10918846024872267,0.0013761837283401302,0.001189888114460025,0.2579977908945915,0.0028497219387724443,0.0014182504798614442,0.31385642737896496,0.013202950441760987,0.0013773856355264534,0.19763440627587855,0.27085218825231877,0.002854529567517737,0.1814867832276256,0.3183143011330379,0.02400689413962075,0.12154166230975312,0.33090427890977403,0.1321088302919072,0.08208064556838791,0.31318335935462394,0.1944685827471031,0.018231730109337495,0.01810312604040091,0.01814038516317693,0.07192693365832904,0.020293000933881884,0.01814038516317693,0.27912371350859544,0.051850276017985336,0.018131971812872665,0.31092617765870884,0.07580909387015317,0.018139183255990607,0.23137314290315875,0.28926901206835004,0.051927198077910026,0.14928408398446655,0.3138876769658093,0.07449180359394286,0.060519632552935,0.3336278005939825,0.1709917296766509,0.08305779611086872,0.329312953795082,0.176665933503283,0.002480736432571204,0.002359343806752555,0.0023016522618090384,0.13459557626041002,0.0023557380851935853,0.002302854168995362,0.27286778660378286,0.006648950554740262,0.002359343806752555,0.3148263664783278,0.13062327300961166,0.002354536178007262,0.24506406766256697,0.2748557410899615,0.006657363905044525,0.12005490312027124,0.3260714101135682,0.13108119964760082,0.06449554152529233,0.3329198772612381,0.20670159408950123,0.04255232202458862,0.3550662190764305,0.20575328931949216,0.004538401535556621,0.004016773816692327,0.004138166442510976,0.9769017476932397,0.004127349277834067,0.004020379538251297,0.2807522977460635,0.0051285379640413405,0.004019177631064974,0.3101894085534927,0.0988232126738709,0.004130954999393037,0.21128206237657915,0.280088844979213,0.005136951314345603,0.26597605079740533,0.31358239254048326,0.08247366921831563,0.0811443598702421,0.33440543454353366,0.1738799126453857,0.12352721298155914,0.3202373526311551,0.22775059464358044,5.288391619822334e-05,5.288391619822334e-05,5.288391619822334e-05,0.11903328201189647,5.288391619822334e-05,5.288391619822334e-05,0.27508891108410827,5.288391619822334e-05,5.288391619822334e-05,0.3178143077435274,0.12886488279602074,5.288391619822334e-05,0.3066642147760066,0.28384119921491424,5.288391619822334e-05,0.10426905413510158,0.32075898035001943,0.12706082010934952,0.051399560823114115,0.34275388185973504,0.2117291718498914,0.038110073063937856,0.3508715629961623,0.2140957270997619,0.00013220979049555836,0.00018148798513481192,0.00018148798513481192,0.9777214483943121,0.00018148798513481192,0.00018148798513481192,0.2660577804860753,0.00018869942825275147,0.00018148798513481192,0.3235065401779544,0.1780457229531821,0.00018749752106642822,0.21028928704067615,0.2775552246304436,0.0002896596319039051,0.11375330374237841,0.32624448474839873,0.18266465227022238,0.053614675767507884,0.3356109474514159,0.2030526038718238,0.06534769372039552,0.32551853280785953,0.22729146609840495,0.0013725780067811604,0.0013653665636632207,0.0013641646564768975,0.12482407083560193,0.001371376099594837,0.0013653665636632207,0.3059899448444792,0.0013845970786443929,0.0013677703780358673,0.3236579804834311,0.11663547717518158,0.0013701741924085139,0.224700154204692,0.29143244500373194,0.0013809913570854231,0.19600582203841055,0.32411109949267497,0.13612199838704056,0.053478860255453356,0.3452574545288464,0.17275973514773244,0.04038528336764778,0.3419858631676745,0.21299718393146244,0.0016730548033619748,0.0019278591268625054,0.0019254553124898588,0.9783548534815044,0.001971127785570143,0.0019254553124898588,0.29641675410541446,0.002032425052072629,0.0019759354143154355,0.3235642317228979,0.11448406331166294,0.0019146381478129496,0.22894889610834473,0.2882642176605838,0.0020312231448863056,0.33302444318644825,0.32893194921701757,0.11679893655252153,0.11878448722432756,0.3227469348361981,0.1743811079420825,0.04137685679636447,0.34849298867442857,0.19892525459398974,1.2019071863232578e-05,1.3220979049555836e-05,1.3220979049555836e-05,0.9579969495595612,0.0012608006384530973,1.3220979049555836e-05,0.2961847860184541,0.004558833957724117,1.3220979049555836e-05,0.31866886375300324,0.0935264077037443,1.3220979049555836e-05,0.2605181902643114,0.2782174754901077,0.004564843493655733,0.12288900026562148,0.3253021895143213,0.0959602697560489,0.04675899717672002,0.32564954069116875,0.15779478877082154,0.13759313278310023,0.3051257735775128,0.19291451675518714
prec,0.055676485249416076,0.055675590368805226,0.05567565358178486,0.055681146907802063,0.05567596964883617,0.05567565358178486,0.06169264308723522,0.055676854655671404,0.055675590368805226,0.06620364323634939,0.05568019811540449,0.05567603286267706,0.06836831341852945,0.06195590662925269,0.055676854655671404,0.06392569428679035,0.06683913277723076,0.055680327170486495,0.05885546343437838,0.06989586978214947,0.05568266244373911,0.0681366734581529,0.07158819216423858,0.0566623820389777,0.05588681032441392,0.05587653792837753,0.055874115130529325,0.056002523303520436,0.05588184845419972,0.05587385100463971,0.06506492218652996,0.05592533659151074,0.05587666999533199,0.06952165610693427,0.05595444446148818,0.05588474318830019,0.07125877266941344,0.06458071167465447,0.055926197357189115,0.06218273627442875,0.07019264608125546,0.05599927141390042,0.060308037171378774,0.07334743344411992,0.05715422616439122,0.05827698987422737,0.07449641482202328,0.05840028585659528,0.055749080579503715,0.05574537016160642,0.05574095444038993,0.05594241573874073,0.05575253486340947,0.0557407612763716,0.0661266586582035,0.05587687645115598,0.05574825873407886,0.07158289984974024,0.05593792987232456,0.05575279284531853,0.06830724331936808,0.06627503370929477,0.05587860960717025,0.0615458351364135,0.07187947032035381,0.055937144065963354,0.05943638599989811,0.07344545670731208,0.05761318576935397,0.05805932779518812,0.07441187892165879,0.05957754437982393,0.05569155029456688,0.05568964615989509,0.0556890738827925,0.05651382453281735,0.055690298295422255,0.0556890738827925,0.06533739080407563,0.055699222378029906,0.055690367105426165,0.07140475326825825,0.05576448452813871,0.05569036158956203,0.06766113985006089,0.06573701191200364,0.05569947596782051,0.06649431613346292,0.07180018427508375,0.0558148458211246,0.0625928253536662,0.07374962563641808,0.05776251954037387,0.060200088600118135,0.0740648920518255,0.05951797930187686,0.05579951798315831,0.0557937086739488,0.05579352512164958,0.05635241769616475,0.055804277293140414,0.05579352512164958,0.06722664244701433,0.055933988343844616,0.05579416503505556,0.0717528503935988,0.05630133085914297,0.05579673460518681,0.07000018905213622,0.06758898204197092,0.05593488306406732,0.06434777780862228,0.07200253598745011,0.05629856943445294,0.058989379503959515,0.0737611116958273,0.058354539596553116,0.060222174591090846,0.07464753231161095,0.059811803975284177,0.0556969572157893,0.05569378033977131,0.05569288768709054,0.05736635050304709,0.05569573883286614,0.0556929510427142,0.06696750791173404,0.05571589179703031,0.05569592891963072,0.07157572786598504,0.05752339803434361,0.05569567547089962,0.07092238445233655,0.06710703727069185,0.055716337403469006,0.06254529623417032,0.07184358022770386,0.057669898356869316,0.059222963009519576,0.0737040622183651,0.0604873549344011,0.05797327676019446,0.07471215807724872,0.06214235433035106,0.05569585615989328,0.05569306084495101,0.055691938083092286,0.2775459569189128,0.05569567164740435,0.05569325124011582,0.06686251853653745,0.05571197152570216,0.05569318777491624,0.07143839439559284,0.056648473730960956,0.055694785872130725,0.06858620611345778,0.0670056122282088,0.05571241642167851,0.07215912198501395,0.07166508180333066,0.056553033299058766,0.060163233292805714,0.07390442744261884,0.05943295660896065,0.06249919650318185,0.07455496594031087,0.06149396745639917,0.05567322273375285,0.05567322273375285,0.05567322273375285,0.05700619078740846,0.05567322273375285,0.05567322273375285,0.06729163316054484,0.05567322273375285,0.05567322273375285,0.07228236263278245,0.05773868412533947,0.05567322273375285,0.074804652416023,0.06784226977337934,0.05567322273375285,0.06159473667642522,0.07265820499987694,0.057722820960913974,0.058474488316912474,0.07416205160851214,0.06063040959292791,0.05772432387882213,0.07482659915068272,0.062327829123317725,0.05567632178480252,0.05567676914449442,0.05567676914449442,0.28113244134186544,0.05567676914449442,0.05567676914449442,0.06700931695049396,0.055678220367555493,0.05567676914449442,0.07240009163108271,0.059135346931587736,0.055677085166210505,0.06850456994849505,0.06744219240650871,0.05567816968887799,0.062119851540181584,0.07276495584413865,0.059155576523715774,0.058601082234002615,0.07415422081456755,0.06113990957863303,0.059195228474297396,0.07492260470207343,0.062477943728435896,0.05568044916236674,0.055678996209645795,0.05567893292842319,0.057504501134505934,0.055679312617916484,0.055678996209645795,0.06910938719183868,0.055682155274017986,0.055679122772522543,0.07292553901306284,0.05747466936483937,0.05567924933597466,0.0694207412515382,0.0684059574131869,0.05568196541698964,0.0673591311197708,0.07304879315204653,0.05748908007768192,0.05858641403424883,0.07449843103076267,0.05972606257991891,0.05784993285612803,0.07509866064791663,0.061385942756719644,0.055685538881309685,0.05568607740033842,0.05568595075155394,0.29354307233641924,0.05568728328892498,0.05568595075155394,0.06910446930483664,0.05569266112431621,0.055687536604365796,0.07257243236295444,0.056862767688327515,0.055687528499901634,0.0697671383640959,0.0688651001308242,0.0556925977861709,0.07568037550365027,0.07289193237180232,0.05686775564371532,0.06235644678619843,0.07402605299007936,0.059102308947187474,0.057910757335405905,0.07535518911293555,0.0608070118578746,0.0556732179258432,0.055673281115395136,0.055673281115395136,0.40101809954751133,0.05567778388919446,0.055673281115395136,0.06863315806048345,0.0556904757018318,0.055673281115395136,0.07293383834419237,0.056969733344336665,0.055673281115395136,0.0719489679556411,0.06827970335433022,0.05569079318675981,0.062716655728188,0.07301526490656768,0.0569181021782496,0.05821533916298158,0.07461871751862499,0.05888515219563559,0.0633646357923647,0.07421872497966348,0.06092550379683108
acc,0.056068698911086845,0.05598016938649039,0.055981304380395475,0.05647843171082171,0.05598697934992089,0.055981304380395475,0.271614256431443,0.056002869264592046,0.05598016938649039,0.30348148030445077,0.05646140680224547,0.05598811434382597,0.25537022366189893,0.26608002615025955,0.056002869264592046,0.18999570972303878,0.3092097945434033,0.05648183669253696,0.11056883624534936,0.3416343004238067,0.056487511662062374,0.25339079429143463,0.33420690030894534,0.1606129875082571,0.09285952634434354,0.09123989004179048,0.09125237497474639,0.10074319400904817,0.09208886548279235,0.09124783499912606,0.2872158826507102,0.09288903618587568,0.09124216002960064,0.332802912848358,0.09007311630736543,0.09210248540965335,0.2921406212048641,0.28377117614878405,0.09290379110664175,0.16295561492834784,0.3455000896645185,0.10326174548442675,0.13395879064129426,0.36735553230079154,0.17127966022822458,0.10093046800338683,0.35674106930045785,0.2037030311147229,0.07207665294837366,0.07213794261924814,0.07130031711729708,0.10199282229854426,0.07258967019347107,0.07129691213558183,0.30318751688303436,0.09806574338695802,0.07213453763753289,0.3501853445047,0.10088960822280385,0.07259421016909139,0.2512853805975062,0.3098033963557616,0.09914171760897644,0.1531390526432873,0.35192415516728676,0.1009123081009055,0.1198723812853125,0.35392741940975775,0.21698018981638068,0.09729962250102717,0.3771187498723132,0.23488925864468108,0.05684616973606852,0.05677580011395339,0.05674742526632632,0.15349771071729346,0.05691426937037348,0.05674742526632632,0.2926161836510938,0.058233132288079616,0.056951724169241214,0.34620719086738505,0.06750149251698519,0.05691540436427856,0.2416186375079166,0.3042214963305647,0.05823767226369994,0.22644036401524523,0.35038850841370983,0.07715348068580871,0.17016623120733843,0.3627905868145488,0.1749967652673705,0.13303604059646199,0.34762706824264356,0.23178164533256457,0.07200628332625854,0.07188597397231977,0.07191888879556717,0.1202594142069457,0.0738427034646824,0.07191888879556717,0.3126465560879938,0.10201211719493067,0.07191207883213667,0.343915638173023,0.12365645096485832,0.07192115878337733,0.2731249333191081,0.32181617184715716,0.10208135182314071,0.19622228628632266,0.3466838883075198,0.12248400226090786,0.11276504945168445,0.365166129057887,0.2099863573732609,0.13392133584242652,0.36207100067872633,0.21629238350990054,0.05790284906170054,0.05779161965900243,0.05773940993936862,0.17683659038750962,0.05779048466509735,0.057740544933273706,0.30696023662352934,0.06162676406427697,0.0577938896468126,0.347181015637946,0.17345884852598342,0.057789349671192265,0.285841405031655,0.30881254667662433,0.061634709021612555,0.16881104848466963,0.3571791769478198,0.1740002406187079,0.11651733930188794,0.36450896758684403,0.2434244128109032,0.0958252654183247,0.38447464537115433,0.2439953147451598,0.059730189248883736,0.05926370675389473,0.05937039618097251,0.9308947610951329,0.05936472121144709,0.05926711173560998,0.31378949495041214,0.0602715813416082,0.0592659767417049,0.3430360178965839,0.1444245694400621,0.05936699119925726,0.25436461906199564,0.31331960747370785,0.06027952629894377,0.305076146741092,0.3461640610989919,0.12981946786945753,0.13217231023469403,0.36594700486458387,0.21349462353387164,0.17182786228437955,0.354122638361432,0.26285437347201446,0.05572025578222645,0.05572025578222645,0.05572025578222645,0.16269797131189406,0.05572025578222645,0.05572025578222645,0.3091621247993898,0.05572025578222645,0.05572025578222645,0.35031359881597435,0.1720991258276943,0.05572025578222645,0.3425286756210119,0.31725917131825004,0.05572025578222645,0.15398462310257394,0.3531578935421117,0.17048516449466666,0.1041720105963031,0.37338802490630624,0.24798708830933577,0.09163373292685419,0.3809153044848149,0.2515078394029024,0.05579403038605683,0.055838295148355054,0.055838295148355054,0.9315167377551182,0.055838295148355054,0.055838295148355054,0.30102421849994665,0.055846240105690635,0.055838295148355054,0.355357511730162,0.21691890014550622,0.05584397011788047,0.2534259791024922,0.31144119256079594,0.055935904624192165,0.1628523304829853,0.35801112748024544,0.22102417310019046,0.1062615343755604,0.36717733825769355,0.24075717713395878,0.1172437354011409,0.35898154726909115,0.2632652412656544,0.05690064944351249,0.05689270448617691,0.056891569492271823,0.16829916623347732,0.05689837945570232,0.05689270448617691,0.33760961203638334,0.056913134376468395,0.05689497447398707,0.35587960892650006,0.16101023537503603,0.05689724446179724,0.2668075572434176,0.3243403982920612,0.05690972939475315,0.2399286315832484,0.35636538631787545,0.1783030025128765,0.10612647010085556,0.37580556192413245,0.21276255246509326,0.09377887140746054,0.37340050983926215,0.24974405887440385,0.05717304798073234,0.05740004676174889,0.05739777677393872,0.9323804681168862,0.057439771548426784,0.05739777677393872,0.3292367619985881,0.05749992622539617,0.057444311524047116,0.35553570577326,0.15852686871071503,0.05738983181660314,0.27081181574054947,0.32192399626814006,0.057498791231491084,0.3660536942916617,0.36044341941883773,0.1605857476545351,0.167512615457255,0.35590684878022205,0.21364671271715271,0.09471978135477413,0.37923097352967217,0.2368278282345624,0.0556839359772638,0.055685070971168885,0.055685070971168885,0.9312182343580815,0.056798499992055045,0.055685070971168885,0.32867267002776196,0.05974267418183964,0.055685070971168885,0.3515450672029891,0.14003214302739195,0.055685070971168885,0.3001525431808431,0.3126783359173361,0.05974834915136506,0.17147033920427848,0.3573766658873042,0.14214209669694075,0.09979887908001935,0.358869182872488,0.19877261759104353,0.18502784140049167,0.34074446520222185,0.2316216111919479
f1,0.10547816135471881,0.10547700938037069,0.10547712281931958,0.1054844829237376,0.1054776900177241,0.10547712281931958,0.11503950070120812,0.10547927820571007,0.10547700938037069,0.12312708795935107,0.10548278036382573,0.10547780345813701,0.1278201785930315,0.11559887245964913,0.10547927820571007,0.1201195425426462,0.12424331810496782,0.10548289835859537,0.1111620257471786,0.12950154197087138,0.10548731606273369,0.12740646410781914,0.13279403220727612,0.10660977719363522,0.1056385546482911,0.10563001123723526,0.10562531486638493,0.10580453225498815,0.10563435397347515,0.10562484291658523,0.1211977884657096,0.10571168015933848,0.10563024721972752,0.1289371362186896,0.10578621908127209,0.10563977110861161,0.13279716117980123,0.12032976377338081,0.10571321790077455,0.11706210955551885,0.12999627349246176,0.10578081001059371,0.11374432904435251,0.13553539053739896,0.10745448366741722,0.11013152514345541,0.1378757478448833,0.10952895290290562,0.10551445407976824,0.10550698631186195,0.10550400545721683,0.10568149963377249,0.10551770341632584,0.10550365944979805,0.12298633342332958,0.10558399402116903,0.10551251232303249,0.13252564799929697,0.1056806302227862,0.10551816545738767,0.12775393305671695,0.12317528246713924,0.1055798711747975,0.11593780472921976,0.13305254719287243,0.10567897777948378,0.11219710456869064,0.13595407379522645,0.10791792041606162,0.109743143152331,0.1373489998821079,0.11145118260521125,0.10550201455994539,0.10549882514775799,0.10549791191286004,0.10638489068560082,0.10549919960556219,0.10549791191286004,0.12164140926572908,0.10550792506039605,0.10549909568512618,0.13225715094873974,0.10557336715420247,0.10549931317794073,0.1266464072149789,0.12224010446795229,0.10550838002076275,0.12461018377234219,0.13292955245768026,0.10560658943934105,0.11777624131061452,0.136369719615242,0.10857565430033615,0.11354650332891954,0.13722326211837604,0.11137018889921699,0.10561101594239995,0.10560072800932761,0.10560016450804549,0.10633092363921459,0.10560813017754073,0.10560016450804549,0.12492359711294623,0.10566533395277965,0.10560142805734542,0.13294734394804142,0.1062089706353901,0.1056062652790007,0.13067876398820674,0.12547347098874206,0.10566655437409704,0.12085895815694932,0.13337027022144068,0.10621232754773867,0.1114004744750821,0.13634903772512785,0.10938417660539013,0.11358142290423945,0.1380648228375135,0.11207826627043167,0.10550568457352227,0.10550032648962236,0.10549895270357634,0.10780960910128726,0.10550406816807982,0.10549906637517605,0.12451556014366519,0.10551825986292254,0.1055044092166852,0.13256177308044978,0.10813564718993791,0.10550395448570137,0.13224954972597416,0.12475225610430897,0.1055190589945991,0.11769822691233113,0.13289669289265105,0.10840862731165274,0.11181664972232967,0.1362538971446907,0.11307941424576026,0.10958977603215445,0.13777127684945228,0.11619578615793084,0.10549206596007497,0.10548968101421012,0.10548686702968746,0.19518320731771793,0.10549402157371089,0.10549002255582295,0.12422358449023108,0.10551937002974188,0.10548990870837295,0.1323718102455871,0.10671138155984666,0.10549231835284416,0.1282439506631546,0.12449894507135602,0.10552016801638679,0.13430930219734388,0.1327460007286457,0.10664143565100564,0.11348331802877257,0.13660347497627606,0.11138923654568211,0.11758360432506432,0.1380312155399101,0.11476533759682474,0.10547412175681967,0.10547412175681967,0.10547412175681967,0.10724464049084209,0.10547412175681967,0.10547412175681967,0.12509432958793962,0.10547412175681967,0.10547412175681967,0.13383470023908242,0.1085550034341247,0.10547412175681967,0.13869795035350266,0.126014683212523,0.10547412175681967,0.11602346227464523,0.13449137844626755,0.10853851614587272,0.11048400002704792,0.13695071050039861,0.11330082223459381,0.10914522902866379,0.13805320362697412,0.11646364664333678,0.10547956989247312,0.10548014585620624,0.10548014585620624,0.19373029023464644,0.10548014585620624,0.10548014585620624,0.12467504409735103,0.10548286363167132,0.10548014585620624,0.13397028507300648,0.1107939204210803,0.1054807129830357,0.12810105776623104,0.12534547860952158,0.10548220544316743,0.11694364728460822,0.13460849981793535,0.11079239220563848,0.11070969170010471,0.13704914379109245,0.11433867337481796,0.11175839775427954,0.13863533416606041,0.11661452074518541,0.1054805035143302,0.10547778270586358,0.10547766915666308,0.10814304179233089,0.1054783504555334,0.10547778270586358,0.1280897835638828,0.1054836785796564,0.1054780098049981,0.13494603987561735,0.10814658594321207,0.10547823690511049,0.1296660064939439,0.12697029958526185,0.10548333790861282,0.12609487717539958,0.1351686863480115,0.1080295891815171,0.11068276466390235,0.13753540321240046,0.11195030235211122,0.10936937037429519,0.1387034520631721,0.11470663077396978,0.10548849890863199,0.10548809976444028,0.10548787252444722,0.20077002535449337,0.10549014961384764,0.10548787252444722,0.1282084567544284,0.10550002639116446,0.10549060412371578,0.1342901967241608,0.10700649217686664,0.10549093102408341,0.130268800901057,0.12786798614345005,0.10549991274767272,0.13992836662981314,0.1348042715554634,0.1069993431474827,0.11735145145976311,0.1370084248304389,0.11076285674680796,0.1094785544579217,0.13907393182304717,0.11375157175506717,0.10547433993869496,0.10547445333952621,0.10547445333952621,0.43571860887378366,0.10547606207488212,0.10547445333952621,0.12733241367100187,0.1054817284715796,0.10547445333952621,0.13503541890289966,0.1073551293636142,0.10547445333952621,0.1339846377914824,0.1269018773311649,0.10548229796092896,0.1179994393751933,0.1350884402167354,0.1072408099048213,0.11002229620627864,0.138067626953125,0.11049130628172964,0.11910320502990338,0.1376274417520485,0.1140290608424582
